-2.647542953491210938e-01,3.107917606830596924e-01,-9.502997994422912598e-02,-1.454222351312637329e-01,1.371677517890930176e-01,5.184355005621910095e-02,1.346987951546907425e-02,2.167046219110488892e-01,1.562626212835311890e-01,-1.222620159387588501e-01,7.965889573097229004e-02,1.969753652811050415e-01,7.965889573097229004e-02,-1.222620159387588501e-01,1.562626212835311890e-01,2.167046219110488892e-01,1.346987951546907425e-02,5.184355005621910095e-02,1.371677517890930176e-01,-1.454222351312637329e-01,-9.502997994422912598e-02,3.107917606830596924e-01,-2.647542953491210938e-01
-3.800258785486221313e-02,-2.586881816387176514e-01,2.323105335235595703e-01,-1.495575457811355591e-01,-2.605920135974884033e-01,-5.205445364117622375e-02,-1.149754524230957031e-01,-4.796213284134864807e-02,1.181768402457237244e-01,-4.631272982805967331e-03,-7.058393955230712891e-02,5.751590803265571594e-02,-7.058393955230712891e-02,-4.631272982805967331e-03,1.181768402457237244e-01,-4.796213284134864807e-02,-1.149754524230957031e-01,-5.205445364117622375e-02,-2.605920135974884033e-01,-1.495575457811355591e-01,2.323105335235595703e-01,-2.586881816387176514e-01,-3.800258785486221313e-02
-1.570782065391540527e-02
1.944779008626937866e-01,-1.033779829740524292e-01,1.184399202466011047e-01,2.276966422796249390e-01,3.718421608209609985e-02,1.220630556344985962e-01,1.310544312000274658e-01,3.090394288301467896e-02,1.524401009082794189e-01,1.467500329017639160e-01,-5.512604955583810806e-03,1.467500329017639160e-01,1.524401009082794189e-01,3.090394288301467896e-02,1.310544312000274658e-01,1.220630556344985962e-01,3.718421608209609985e-02,2.276966422796249390e-01,1.184399202466011047e-01,-1.033779829740524292e-01,1.944779008626937866e-01
-2.404484450817108154e-01,2.834875583648681641e-01,-2.046073526144027710e-01,-1.039450839161872864e-01,1.850154101848602295e-01,5.756516475230455399e-03,1.740105077624320984e-02,1.101687029004096985e-01,-2.490609511733055115e-02,-5.604403559118509293e-03,1.297273784875869751e-01,-5.604403559118509293e-03,-2.490609511733055115e-02,1.101687029004096985e-01,1.740105077624320984e-02,5.756516475230455399e-03,1.850154101848602295e-01,-1.039450839161872864e-01,-2.046073526144027710e-01,2.834875583648681641e-01,-2.404484450817108154e-01
-2.524691820144653320e-02
-6.246607005596160889e-02,-1.466131657361984253e-01,7.761552184820175171e-02,2.172580659389495850e-01,1.419738084077835083e-01,3.741085529327392578e-02,4.719474166631698608e-02,7.153502106666564941e-02,3.230857104063034058e-02,-2.157500945031642914e-02,3.230857104063034058e-02,7.153502106666564941e-02,4.719474166631698608e-02,3.741085529327392578e-02,1.419738084077835083e-01,2.172580659389495850e-01,7.761552184820175171e-02,-1.466131657361984253e-01,-6.246607005596160889e-02
2.715203166007995605e-01,-1.479671001434326172e-01,-2.195982187986373901e-01,-2.660085819661617279e-02,1.590541452169418335e-01,-1.018732041120529175e-02,-6.353323161602020264e-02,1.698054522275924683e-01,1.241463422775268555e-01,-6.162204593420028687e-02,1.241463422775268555e-01,1.698054522275924683e-01,-6.353323161602020264e-02,-1.018732041120529175e-02,1.590541452169418335e-01,-2.660085819661617279e-02,-2.195982187986373901e-01,-1.479671001434326172e-01,2.715203166007995605e-01
-3.611420467495918274e-02
-3.050073683261871338e-01,9.556163102388381958e-02,7.579492777585983276e-02,6.302928179502487183e-02,1.369592547416687012e-01,1.056079491972923279e-01,5.643665045499801636e-02,1.074235439300537109e-01,9.645705670118331909e-02,1.074235439300537109e-01,5.643665045499801636e-02,1.056079491972923279e-01,1.369592547416687012e-01,6.302928179502487183e-02,7.579492777585983276e-02,9.556163102388381958e-02,-3.050073683261871338e-01
-1.030238531529903412e-02,-3.135364055633544922e-01,-2.273925021290779114e-02,-3.624233976006507874e-02,-8.844329416751861572e-02,6.382182985544204712e-02,6.152763962745666504e-02,3.340112790465354919e-02,1.179757192730903625e-01,3.340112790465354919e-02,6.152763962745666504e-02,6.382182985544204712e-02,-8.844329416751861572e-02,-3.624233976006507874e-02,-2.273925021290779114e-02,-3.135364055633544922e-01,-1.030238531529903412e-02
-4.816866666078567505e-02
-8.601885288953781128e-02,-1.786638647317886353e-01,1.044400036334991455e-01,5.302092805504798889e-02,1.398531049489974976e-01,2.410924732685089111e-01,1.896135322749614716e-02,5.512107908725738525e-02,2.092784047126770020e-01,5.512107908725738525e-02,1.896135322749614716e-02,2.410924732685089111e-01,1.398531049489974976e-01,5.302092805504798889e-02,1.044400036334991455e-01,-1.786638647317886353e-01,-8.601885288953781128e-02
3.362953662872314453e-01,-2.239678949117660522e-01,-1.539193987846374512e-01,-4.963215440511703491e-02,-1.447867453098297119e-01,-5.211334675550460815e-02,8.795459568500518799e-02,1.127545312047004700e-01,9.273603558540344238e-02,1.127545312047004700e-01,8.795459568500518799e-02,-5.211334675550460815e-02,-1.447867453098297119e-01,-4.963215440511703491e-02,-1.539193987846374512e-01,-2.239678949117660522e-01,3.362953662872314453e-01
-6.130550801753997803e-02
-3.047822117805480957e-01,-1.452685445547103882e-01,1.342469304800033569e-01,1.006142050027847290e-01,1.093768179416656494e-01,1.082766279578208923e-01,1.159886568784713745e-01,1.428101360797882080e-01,1.159886568784713745e-01,1.082766279578208923e-01,1.093768179416656494e-01,1.006142050027847290e-01,1.342469304800033569e-01,-1.452685445547103882e-01,-3.047822117805480957e-01
2.095625549554824829e-01,-2.573566734790802002e-01,-1.173756793141365051e-01,-9.645187109708786011e-02,-9.199193865060806274e-02,1.910799741744995117e-01,9.510410577058792114e-02,-6.770914047956466675e-02,9.510410577058792114e-02,1.910799741744995117e-01,-9.199193865060806274e-02,-9.645187109708786011e-02,-1.173756793141365051e-01,-2.573566734790802002e-01,2.095625549554824829e-01
-7.544320076704025269e-02
-2.516097761690616608e-02,-2.302538603544235229e-01,1.495403647422790527e-01,1.357898265123367310e-01,8.391056954860687256e-02,1.445407718420028687e-01,6.871842592954635620e-02,2.897269465029239655e-02,6.871842592954635620e-02,1.445407718420028687e-01,8.391056954860687256e-02,1.357898265123367310e-01,1.495403647422790527e-01,-2.302538603544235229e-01,-2.516097761690616608e-02
3.382502198219299316e-01,-2.173786461353302002e-01,-2.962172925472259521e-01,-1.167414709925651550e-01,-9.592270851135253906e-02,7.302336394786834717e-02,1.120183691382408142e-01,5.827555805444717407e-02,1.120183691382408142e-01,7.302336394786834717e-02,-9.592270851135253906e-02,-1.167414709925651550e-01,-2.962172925472259521e-01,-2.173786461353302002e-01,3.382502198219299316e-01
-9.051609784364700317e-02
-2.804018259048461914e-01,-6.954140216112136841e-02,1.735909283161163330e-01,1.274782568216323853e-01,1.958428919315338135e-01,1.549701392650604248e-01,4.371638223528862000e-02,1.549701392650604248e-01,1.958428919315338135e-01,1.274782568216323853e-01,1.735909283161163330e-01,-6.954140216112136841e-02,-2.804018259048461914e-01
6.186217069625854492e-02,-3.748762309551239014e-01,-3.157421573996543884e-02,-1.337380334734916687e-02,-3.704732283949851990e-02,1.019136011600494385e-01,1.150445491075515747e-01,1.019136011600494385e-01,-3.704732283949851990e-02,-1.337380334734916687e-02,-3.157421573996543884e-02,-3.748762309551239014e-01,6.186217069625854492e-02
-1.064698770642280579e-01
-1.971824616193771362e-01,-2.563772201538085938e-01,3.006894290447235107e-01,1.663908511400222778e-01,1.478160321712493896e-01,1.920787096023559570e-01,8.147151023149490356e-02,1.920787096023559570e-01,1.478160321712493896e-01,1.663908511400222778e-01,3.006894290447235107e-01,-2.563772201538085938e-01,-1.971824616193771362e-01
2.963669896125793457e-01,-2.300215214490890503e-01,-1.761626601219177246e-01,-2.297300659120082855e-02,1.504165586084127426e-02,7.794521749019622803e-02,1.306802183389663696e-01,7.794521749019622803e-02,1.504165586084127426e-02,-2.297300659120082855e-02,-1.761626601219177246e-01,-2.300215214490890503e-01,2.963669896125793457e-01
-1.232586652040481567e-01
-1.821047626435756683e-02,-2.939077019691467285e-01,2.297986000776290894e-01,1.662024259567260742e-01,1.177001520991325378e-01,1.640760451555252075e-01,8.912904560565948486e-02,1.640760451555252075e-01,1.177001520991325378e-01,1.662024259567260742e-01,2.297986000776290894e-01,-2.939077019691467285e-01,-1.821047626435756683e-02
3.465173542499542236e-01,-1.422402411699295044e-01,-2.860543429851531982e-01,-3.322915732860565186e-02,7.982337847352027893e-03,8.458915352821350098e-02,1.984717100858688354e-01,8.458915352821350098e-02,7.982337847352027893e-03,-3.322915732860565186e-02,-2.860543429851531982e-01,-1.422402411699295044e-01,3.465173542499542236e-01
-1.408430486917495728e-01
2.989402413368225098e-01,-2.763710021972656250e-01,1.817120909690856934e-01,2.007001787424087524e-01,7.812993228435516357e-02,1.418937146663665771e-01,9.489176422357559204e-02,1.418937146663665771e-01,7.812993228435516357e-02,2.007001787424087524e-01,1.817120909690856934e-01,-2.763710021972656250e-01,2.989402413368225098e-01
2.826733887195587158e-01,-9.424923360347747803e-02,-3.301866352558135986e-01,-1.049447953701019287e-01,1.068234220147132874e-01,1.776758730411529541e-01,1.860149353742599487e-01,1.776758730411529541e-01,1.068234220147132874e-01,-1.049447953701019287e-01,-3.301866352558135986e-01,-9.424923360347747803e-02,2.826733887195587158e-01
-1.591886878013610840e-01
-4.191606044769287109e-01,2.136624418199062347e-02,2.183597236871719360e-01,1.171828806400299072e-01,1.817811727523803711e-01,1.102763041853904724e-01,1.817811727523803711e-01,1.171828806400299072e-01,2.183597236871719360e-01,2.136624418199062347e-02,-4.191606044769287109e-01
1.264907568693161011e-01,-3.796786069869995117e-01,-1.690053343772888184e-01,3.521811217069625854e-02,7.151303440332412720e-02,1.648965179920196533e-01,7.151303440332412720e-02,3.521811217069625854e-02,-1.690053343772888184e-01,-3.796786069869995117e-01,1.264907568693161011e-01
-1.782653480768203735e-01
-2.668631672859191895e-01,-4.927793145179748535e-02,2.363965660333633423e-01,1.654027402400970459e-01,1.841957718133926392e-01,1.472028940916061401e-01,1.841957718133926392e-01,1.654027402400970459e-01,2.363965660333633423e-01,-4.927793145179748535e-02,-2.668631672859191895e-01
3.117976486682891846e-01,-3.711903691291809082e-01,-1.986639052629470825e-01,9.650757163763046265e-02,7.117234915494918823e-02,2.056325972080230713e-01,7.117234915494918823e-02,9.650757163763046265e-02,-1.986639052629470825e-01,-3.711903691291809082e-01,3.117976486682891846e-01
-1.980461031198501587e-01
-1.155726984143257141e-01,-1.654263734817504883e-01,2.279190868139266968e-01,2.127340137958526611e-01,1.649042218923568726e-01,1.975398361682891846e-01,1.649042218923568726e-01,2.127340137958526611e-01,2.279190868139266968e-01,-1.654263734817504883e-01,-1.155726984143257141e-01
4.556962251663208008e-01,-3.264361917972564697e-01,-2.284734398126602173e-01,1.531954407691955566e-01,9.546101838350296021e-02,2.250039130449295044e-01,9.546101838350296021e-02,1.531954407691955566e-01,-2.284734398126602173e-01,-3.264361917972564697e-01,4.556962251663208008e-01
-2.185067981481552124e-01
6.581969559192657471e-02,-2.597351670265197754e-01,1.832337528467178345e-01,2.386530637741088867e-01,1.238951608538627625e-01,2.223317772150039673e-01,1.238951608538627625e-01,2.386530637741088867e-01,1.832337528467178345e-01,-2.597351670265197754e-01,6.581969559192657471e-02
4.266721308231353760e-01,-2.629617154598236084e-01,-2.705895602703094482e-01,1.250365227460861206e-01,1.088237613439559937e-01,2.185279875993728638e-01,1.088237613439559937e-01,1.250365227460861206e-01,-2.705895602703094482e-01,-2.629617154598236084e-01,4.266721308231353760e-01
-2.396256029605865479e-01
2.461055368185043335e-01,-3.136175274848937988e-01,2.184174954891204834e-01,2.595695853233337402e-01,1.790883392095565796e-01,1.938037723302841187e-01,1.790883392095565796e-01,2.595695853233337402e-01,2.184174954891204834e-01,-3.136175274848937988e-01,2.461055368185043335e-01
3.575684726238250732e-01,-1.501980274915695190e-01,-2.882367968559265137e-01,1.530247181653976440e-01,1.743717193603515625e-01,2.063024640083312988e-01,1.743717193603515625e-01,1.530247181653976440e-01,-2.882367968559265137e-01,-1.501980274915695190e-01,3.575684726238250732e-01
-2.613826692104339600e-01
3.922341465950012207e-01,-3.304363787174224854e-01,1.712107211351394653e-01,2.395771145820617676e-01,1.828972995281219482e-01,1.354636549949645996e-01,1.828972995281219482e-01,2.395771145820617676e-01,1.712107211351394653e-01,-3.304363787174224854e-01,3.922341465950012207e-01
2.226564437150955200e-01,-2.243802696466445923e-02,-3.260371088981628418e-01,1.764498353004455566e-01,1.689525544643402100e-01,2.078615278005599976e-01,1.689525544643402100e-01,1.764498353004455566e-01,-3.260371088981628418e-01,-2.243802696466445923e-02,2.226564437150955200e-01
-2.837598025798797607e-01
-3.830362260341644287e-01,8.322271704673767090e-02,3.039689660072326660e-01,2.262901812791824341e-01,1.817696392536163330e-01,2.262901812791824341e-01,3.039689660072326660e-01,8.322271704673767090e-02,-3.830362260341644287e-01
6.880567222833633423e-02,-4.732914566993713379e-01,1.092783957719802856e-01,1.152244135737419128e-01,1.756929010152816772e-01,1.152244135737419128e-01,1.092783957719802856e-01,-4.732914566993713379e-01,6.880567222833633423e-02
-3.067403435707092285e-01
-3.258483111858367920e-01,-3.116072621196508408e-03,3.616636991500854492e-01,2.275052517652511597e-01,2.044054418802261353e-01,2.275052517652511597e-01,3.616636991500854492e-01,-3.116072621196508408e-03,-3.258483111858367920e-01
1.676760464906692505e-01,-5.088197588920593262e-01,7.137658447027206421e-02,1.018763855099678040e-01,1.836180686950683594e-01,1.018763855099678040e-01,7.137658447027206421e-02,-5.088197588920593262e-01,1.676760464906692505e-01
-3.303088247776031494e-01
-2.428240627050399780e-01,-8.897995948791503906e-02,4.119713902473449707e-01,2.159680128097534180e-01,2.227140665054321289e-01,2.159680128097534180e-01,4.119713902473449707e-01,-8.897995948791503906e-02,-2.428240627050399780e-01
2.702166438102722168e-01,-4.772096872329711914e-01,5.836642906069755554e-02,1.454810798168182373e-01,2.136890590190887451e-01,1.454810798168182373e-01,5.836642906069755554e-02,-4.772096872329711914e-01,2.702166438102722168e-01
-3.544510006904602051e-01
-1.675767451524734497e-01,-1.771071255207061768e-01,4.368268549442291260e-01,1.981322318315505981e-01,2.396130561828613281e-01,1.981322318315505981e-01,4.368268549442291260e-01,-1.771071255207061768e-01,-1.675767451524734497e-01
3.139203488826751709e-01,-4.412726759910583496e-01,1.239913515746593475e-02,1.699442416429519653e-01,2.147793769836425781e-01,1.699442416429519653e-01,1.239913515746593475e-02,-4.412726759910583496e-01,3.139203488826751709e-01
-3.791535198688507080e-01
-9.455532580614089966e-02,-2.500056922435760498e-01,4.540897309780120850e-01,1.949670016765594482e-01,2.527751624584197998e-01,1.949670016765594482e-01,4.540897309780120850e-01,-2.500056922435760498e-01,-9.455532580614089966e-02
3.511247038841247559e-01,-3.765909671783447266e-01,-3.647525608539581299e-02,2.140396684408187866e-01,2.192015945911407471e-01,2.140396684408187866e-01,-3.647525608539581299e-02,-3.765909671783447266e-01,3.511247038841247559e-01
-4.044040143489837646e-01
-2.882822044193744659e-02,-3.082348704338073730e-01,4.546651244163513184e-01,1.952930539846420288e-01,2.553338110446929932e-01,1.952930539846420288e-01,4.546651244163513184e-01,-3.082348704338073730e-01,-2.882822044193744659e-02
3.574807345867156982e-01,-3.146753311157226562e-01,-9.701289981603622437e-02,2.446342706680297852e-01,2.145812362432479858e-01,2.446342706680297852e-01,-9.701289981603622437e-02,-3.146753311157226562e-01,3.574807345867156982e-01
-4.301908016204833984e-01
2.674619480967521667e-02,-3.461391031742095947e-01,4.471640288829803467e-01,2.082830220460891724e-01,2.545745372772216797e-01,2.082830220460891724e-01,4.471640288829803467e-01,-3.461391031742095947e-01,2.674619480967521667e-02
3.489882051944732666e-01,-2.491797655820846558e-01,-1.517909467220306396e-01,2.727202177047729492e-01,2.017844617366790771e-01,2.727202177047729492e-01,-1.517909467220306396e-01,-2.491797655820846558e-01,3.489882051944732666e-01
-4.565029740333557129e-01
1.275344491004943848e-01,-3.510430753231048584e-01,4.087643325328826904e-01,2.047679573297500610e-01,2.337918430566787720e-01,2.047679573297500610e-01,4.087643325328826904e-01,-3.510430753231048584e-01,1.275344491004943848e-01
3.201788663864135742e-01,-1.358631700277328491e-01,-1.661583781242370605e-01,2.982226312160491943e-01,1.876063048839569092e-01,2.982226312160491943e-01,-1.661583781242370605e-01,-1.358631700277328491e-01,3.201788663864135742e-01
-4.833302795886993408e-01
1.646964102983474731e-01,-3.547210693359375000e-01,3.896050155162811279e-01,2.309698909521102905e-01,2.169557660818099976e-01,2.309698909521102905e-01,3.896050155162811279e-01,-3.547210693359375000e-01,1.646964102983474731e-01
2.993715405464172363e-01,-7.787527889013290405e-02,-2.136738449335098267e-01,3.216170370578765869e-01,1.870124042034149170e-01,3.216170370578765869e-01,-2.136738449335098267e-01,-7.787527889013290405e-02,2.993715405464172363e-01
-5.106630325317382812e-01
1.845292448997497559e-01,-3.635642230510711670e-01,3.669694662094116211e-01,2.736401557922363281e-01,2.114674150943756104e-01,2.736401557922363281e-01,3.669694662094116211e-01,-3.635642230510711670e-01,1.845292448997497559e-01
2.873927354812622070e-01,-2.732918225228786469e-02,-2.661421895027160645e-01,3.451953232288360596e-01,2.041734755039215088e-01,3.451953232288360596e-01,-2.661421895027160645e-01,-2.732918225228786469e-02,2.873927354812622070e-01
-5.384919643402099609e-01
2.339381724596023560e-01,-3.401176631450653076e-01,3.239412903785705566e-01,2.919996380805969238e-01,1.848010569810867310e-01,2.919996380805969238e-01,3.239412903785705566e-01,-3.401176631450653076e-01,2.339381724596023560e-01
2.591655254364013672e-01,5.523401498794555664e-02,-2.695704102516174316e-01,3.615716695785522461e-01,2.074061483144760132e-01,3.615716695785522461e-01,-2.695704102516174316e-01,5.523401498794555664e-02,2.591655254364013672e-01
-5.668085217475891113e-01
-3.285464644432067871e-01,2.910864949226379395e-01,3.261906504631042480e-01,1.693855077028274536e-01,3.261906504631042480e-01,2.910864949226379395e-01,-3.285464644432067871e-01
9.589865058660507202e-02,-3.115174770355224609e-01,3.311283588409423828e-01,1.831003278493881226e-01,3.311283588409423828e-01,-3.115174770355224609e-01,9.589865058660507202e-02
-5.956043004989624023e-01
-3.818132281303405762e-01,2.913907766342163086e-01,4.216096699237823486e-01,2.023058831691741943e-01,4.216096699237823486e-01,2.913907766342163086e-01,-3.818132281303405762e-01
3.879233496263623238e-03,-4.505361020565032959e-01,2.552193403244018555e-01,1.486582159996032715e-01,2.552193403244018555e-01,-4.505361020565032959e-01,3.879233496263623238e-03
-6.248716115951538086e-01
-3.609987497329711914e-01,2.613205313682556152e-01,4.581772387027740479e-01,1.907903254032135010e-01,4.581772387027740479e-01,2.613205313682556152e-01,-3.609987497329711914e-01
2.835627831518650055e-02,-4.836746752262115479e-01,2.238649427890777588e-01,1.534180641174316406e-01,2.238649427890777588e-01,-4.836746752262115479e-01,2.835627831518650055e-02
-6.546028852462768555e-01
-3.342881798744201660e-01,2.207705676555633545e-01,4.826757311820983887e-01,1.746873259544372559e-01,4.826757311820983887e-01,2.207705676555633545e-01,-3.342881798744201660e-01
7.813611626625061035e-02,-4.899683594703674316e-01,2.207108139991760254e-01,1.870125532150268555e-01,2.207108139991760254e-01,-4.899683594703674316e-01,7.813611626625061035e-02
-6.847910881042480469e-01
-2.929767668247222900e-01,1.772595643997192383e-01,5.029804110527038574e-01,1.639002710580825806e-01,5.029804110527038574e-01,1.772595643997192383e-01,-2.929767668247222900e-01
1.683004349470138550e-01,-4.531275033950805664e-01,2.517136037349700928e-01,2.437596768140792847e-01,2.517136037349700928e-01,-4.531275033950805664e-01,1.683004349470138550e-01
-7.154292464256286621e-01
-2.844418287277221680e-01,1.477211415767669678e-01,5.327088832855224609e-01,1.565966159105300903e-01,5.327088832855224609e-01,1.477211415767669678e-01,-2.844418287277221680e-01
1.504257321357727051e-01,-4.869023263454437256e-01,1.988236606121063232e-01,2.453998178243637085e-01,1.988236606121063232e-01,-4.869023263454437256e-01,1.504257321357727051e-01
-7.465110421180725098e-01
-1.901664137840270996e-01,6.761916726827621460e-02,4.925193488597869873e-01,1.048083081841468811e-01,4.925193488597869873e-01,6.761916726827621460e-02,-1.901664137840270996e-01
3.028617799282073975e-01,-3.709812164306640625e-01,2.891309559345245361e-01,3.544404506683349609e-01,2.891309559345245361e-01,-3.709812164306640625e-01,3.028617799282073975e-01
-7.780300974845886230e-01
-2.016726881265640259e-01,4.793051257729530334e-02,5.374127030372619629e-01,1.274006962776184082e-01,5.374127030372619629e-01,4.793051257729530334e-02,-2.016726881265640259e-01
2.921637296676635742e-01,-3.978562057018280029e-01,2.235958874225616455e-01,3.337604701519012451e-01,2.235958874225616455e-01,-3.978562057018280029e-01,2.921637296676635742e-01
-8.099804520606994629e-01
-1.877739727497100830e-01,3.663970902562141418e-02,5.645197629928588867e-01,1.312189847230911255e-01,5.645197629928588867e-01,3.663970902562141418e-02,-1.877739727497100830e-01
2.710479199886322021e-01,-4.173905253410339355e-01,1.878896057605743408e-01,3.570756018161773682e-01,1.878896057605743408e-01,-4.173905253410339355e-01,2.710479199886322021e-01
-8.423564434051513672e-01
-1.736039966344833374e-01,2.419859729707241058e-02,5.795919299125671387e-01,1.297300755977630615e-01,5.795919299125671387e-01,2.419859729707241058e-02,-1.736039966344833374e-01
2.237739711999893188e-01,-4.601876139640808105e-01,1.134720519185066223e-01,3.572950065135955811e-01,1.134720519185066223e-01,-4.601876139640808105e-01,2.237739711999893188e-01
-8.751524686813354492e-01
-1.387197971343994141e-01,6.173140718601644039e-04,5.770922303199768066e-01,1.191739067435264587e-01,5.770922303199768066e-01,6.173140718601644039e-04,-1.387197971343994141e-01
2.410757094621658325e-01,-4.454281032085418701e-01,8.927860110998153687e-02,3.804703950881958008e-01,8.927860110998153687e-02,-4.454281032085418701e-01,2.410757094621658325e-01
-9.083632230758666992e-01
-1.220903843641281128e-01,-1.629403606057167053e-02,5.804345011711120605e-01,1.166348084807395935e-01,5.804345011711120605e-01,-1.629403606057167053e-02,-1.220903843641281128e-01
2.012605667114257812e-01,-4.617308676242828369e-01,3.828904032707214355e-02,3.834123611450195312e-01,3.828904032707214355e-02,-4.617308676242828369e-01,2.012605667114257812e-01
-9.419835805892944336e-01
-9.443927556276321411e-02,-4.229363426566123962e-02,5.764379501342773438e-01,1.142181083559989929e-01,5.764379501342773438e-01,-4.229363426566123962e-02,-9.443927556276321411e-02
2.006869763135910034e-01,-4.435964226722717285e-01,2.465413324534893036e-02,4.097093343734741211e-01,2.465413324534893036e-02,-4.435964226722717285e-01,2.006869763135910034e-01
-9.760087132453918457e-01
-9.317266941070556641e-02,-7.337359338998794556e-02,5.634902119636535645e-01,1.049080342054367065e-01,5.634902119636535645e-01,-7.337359338998794556e-02,-9.317266941070556641e-02
1.464871913194656372e-01,-4.776957333087921143e-01,-3.281432762742042542e-02,4.080556333065032959e-01,-3.281432762742042542e-02,-4.776957333087921143e-01,1.464871913194656372e-01
-1.010433793067932129e+00
-9.482402354478836060e-02,-8.677510172128677368e-02,5.746402144432067871e-01,1.195587813854217529e-01,5.746402144432067871e-01,-8.677510172128677368e-02,-9.482402354478836060e-02
1.263178586959838867e-01,-4.685024917125701904e-01,-6.627254933118820190e-02,4.126543998718261719e-01,-6.627254933118820190e-02,-4.685024917125701904e-01,1.263178586959838867e-01
-1.045254230499267578e+00
2.167456224560737610e-02,-1.617562621831893921e-01,5.224466919898986816e-01,8.966381847858428955e-02,5.224466919898986816e-01,-1.617562621831893921e-01,2.167456224560737610e-02
3.616364896297454834e-01,-1.597501337528228760e-01,9.040460735559463501e-02,4.336689412593841553e-01,9.040460735559463501e-02,-1.597501337528228760e-01,3.616364896297454834e-01
-1.080465555191040039e+00
-8.487851917743682861e-02,-1.088335514068603516e-01,5.881895422935485840e-01,1.509697735309600830e-01,5.881895422935485840e-01,-1.088335514068603516e-01,-8.487851917743682861e-02
7.654234766960144043e-02,-4.413464367389678955e-01,-1.077017635107040405e-01,4.291762411594390869e-01,-1.077017635107040405e-01,-4.413464367389678955e-01,7.654234766960144043e-02
-1.116063475608825684e+00
-5.736168473958969116e-02,-1.215978860855102539e-01,5.739771127700805664e-01,1.526095867156982422e-01,5.739771127700805664e-01,-1.215978860855102539e-01,-5.736168473958969116e-02
7.997887581586837769e-02,-4.191038906574249268e-01,-1.144292205572128296e-01,4.489359855651855469e-01,-1.144292205572128296e-01,-4.191038906574249268e-01,7.997887581586837769e-02
-1.152043938636779785e+00
-4.585034027695655823e-02,-1.321115195751190186e-01,5.446555614471435547e-01,1.344677805900573730e-01,5.446555614471435547e-01,-1.321115195751190186e-01,-4.585034027695655823e-02
1.131628975272178650e-01,-3.885590434074401855e-01,-1.510863304138183594e-01,4.309955537319183350e-01,-1.510863304138183594e-01,-3.885590434074401855e-01,1.131628975272178650e-01
-1.188402771949768066e+00
-2.958945184946060181e-02,-1.328892558813095093e-01,5.129193067550659180e-01,1.118343621492385864e-01,5.129193067550659180e-01,-1.328892558813095093e-01,-2.958945184946060181e-02
1.803866922855377197e-01,-3.364996910095214844e-01,-1.771448850631713867e-01,4.125767648220062256e-01,-1.771448850631713867e-01,-3.364996910095214844e-01,1.803866922855377197e-01
-1.225136160850524902e+00
-1.240113168023526669e-03,-1.439003050327301025e-01,4.835697710514068604e-01,1.053000912070274353e-01,4.835697710514068604e-01,-1.439003050327301025e-01,-1.240113168023526669e-03
2.904928326606750488e-01,-2.620045244693756104e-01,-1.699237227439880371e-01,4.271625876426696777e-01,-1.699237227439880371e-01,-2.620045244693756104e-01,2.904928326606750488e-01
-1.262240409851074219e+00
-6.611710041761398315e-02,-1.387481838464736938e-01,5.109362602233886719e-01,1.405795067548751831e-01,5.109362602233886719e-01,-1.387481838464736938e-01,-6.611710041761398315e-02
2.796640098094940186e-01,-3.040298223495483398e-01,-2.357134371995925903e-01,4.319009780883789062e-01,-2.357134371995925903e-01,-3.040298223495483398e-01,2.796640098094940186e-01
-1.299711704254150391e+00
3.447573632001876831e-02,-7.806247472763061523e-02,6.903664767742156982e-02,-3.096946142613887787e-02,-1.144394576549530029e-01,8.301355689764022827e-02,1.085877940058708191e-01,-4.133949801325798035e-02,2.198136970400810242e-02,4.081879556179046631e-02,3.020246624946594238e-01,6.848907470703125000e-01,3.020246624946594238e-01,4.081879556179046631e-02,2.198136970400810242e-02,-4.133949801325798035e-02,1.085877940058708191e-01,8.301355689764022827e-02,-1.144394576549530029e-01,-3.096946142613887787e-02,6.903664767742156982e-02,-7.806247472763061523e-02,3.447573632001876831e-02
4.909714683890342712e-02,4.153477028012275696e-02,-1.813252717256546021e-01,3.961300104856491089e-02,1.341804563999176025e-01,-5.008724704384803772e-02,-1.717347055673599243e-01,-1.610737442970275879e-01,-2.598666958510875702e-02,2.393210539594292641e-03,-2.525496482849121094e-01,5.356519818305969238e-01,-2.525496482849121094e-01,2.393210539594292641e-03,-2.598666958510875702e-02,-1.610737442970275879e-01,-1.717347055673599243e-01,-5.008724704384803772e-02,1.341804563999176025e-01,3.961300104856491089e-02,-1.813252717256546021e-01,4.153477028012275696e-02,4.909714683890342712e-02
-0.000000000000000000e+00
