2.760989405214786530e-02,2.113047242164611816e-01,-3.450458049774169922e-01,-1.699966639280319214e-01,1.039457559585571289e+00,8.488605618476867676e-01,1.039457559585571289e+00,-1.699966639280319214e-01,-3.450458049774169922e-01,2.113047242164611816e-01,2.760989405214786530e-02
-4.057195782661437988e-02,-3.617746755480766296e-02,3.944501653313636780e-02,-3.498093485832214355e-01,6.049199104309082031e-01,7.081037163734436035e-01,6.049199104309082031e-01,-3.498093485832214355e-01,3.944501653313636780e-02,-3.617746755480766296e-02,-4.057195782661437988e-02
-1.213430643081665039e+00
2.122762501239776611e-01,-4.015034139156341553e-01,1.114328056573867798e-01,5.224047899246215820e-01,8.522028326988220215e-01,5.354972481727600098e-01,8.522028326988220215e-01,5.224047899246215820e-01,1.114328056573867798e-01,-4.015034139156341553e-01,2.122762501239776611e-01
1.152031496167182922e-01,2.210300266742706299e-01,-3.988098800182342529e-01,-2.250080853700637817e-01,5.748818516731262207e-01,6.602987051010131836e-01,5.748818516731262207e-01,-2.250080853700637817e-01,-3.988098800182342529e-01,2.210300266742706299e-01,1.152031496167182922e-01
-1.213430643081665039e+00
1.324932128190994263e-01,-4.093062579631805420e-01,1.128173470497131348e-01,3.535383343696594238e-01,2.893118262290954590e-01,7.774952799081802368e-02,2.893118262290954590e-01,3.535383343696594238e-01,1.128173470497131348e-01,-4.093062579631805420e-01,1.324932128190994263e-01
-1.939870417118072510e-02,1.163203343749046326e-01,-3.303205668926239014e-01,-1.724591553211212158e-01,2.056652456521987915e-01,3.591162562370300293e-01,2.056652456521987915e-01,-1.724591553211212158e-01,-3.303205668926239014e-01,1.163203343749046326e-01,-1.939870417118072510e-02
-1.213430643081665039e+00
1.361700594425201416e-01,-3.555450737476348877e-01,1.371001899242401123e-01,2.952891290187835693e-01,2.281963229179382324e-01,8.254705369472503662e-02,2.281963229179382324e-01,2.952891290187835693e-01,1.371001899242401123e-01,-3.555450737476348877e-01,1.361700594425201416e-01
3.968381881713867188e-02,1.222493010573089123e-03,-2.785634100437164307e-01,-2.189087867736816406e-02,1.010211333632469177e-01,2.322220355272293091e-01,1.010211333632469177e-01,-2.189087867736816406e-02,-2.785634100437164307e-01,1.222493010573089123e-03,3.968381881713867188e-02
-1.213430643081665039e+00
3.259065002202987671e-02,-2.327662110328674316e-01,2.122090309858322144e-01,1.868477463722229004e-01,2.532598972320556641e-01,1.955938339233398438e-01,2.532598972320556641e-01,1.868477463722229004e-01,2.122090309858322144e-01,-2.327662110328674316e-01,3.259065002202987671e-02
9.067316353321075439e-02,-1.750589907169342041e-02,-2.457517385482788086e-01,5.858980864286422729e-02,9.221739321947097778e-02,2.019639313220977783e-01,9.221739321947097778e-02,5.858980864286422729e-02,-2.457517385482788086e-01,-1.750589907169342041e-02,9.067316353321075439e-02
-1.213430643081665039e+00
-2.336716465651988983e-02,6.880678236484527588e-02,-9.061933308839797974e-02,-6.332931108772754669e-03,1.532482057809829712e-01,-1.274802684783935547e-01,1.532482057809829712e-01,-6.332931108772754669e-03,-9.061933308839797974e-02,6.880678236484527588e-02,-2.336716465651988983e-02
3.058736212551593781e-02,-1.064194291830062866e-01,1.828151494264602661e-01,-1.954256594181060791e-01,6.137241795659065247e-02,-1.108628232032060623e-02,6.137241795659065247e-02,-1.954256594181060791e-01,1.828151494264602661e-01,-1.064194291830062866e-01,3.058736212551593781e-02
-0.000000000000000000e+00
