9.251278638839721680e-02,1.785505264997482300e-01,-4.274830222129821777e-02,6.781426072120666504e-02,5.753798037767410278e-02,-4.763319343328475952e-02,5.753798037767410278e-02,6.781426072120666504e-02,-4.274830222129821777e-02,1.785505264997482300e-01,9.251278638839721680e-02
-1.668691337108612061e-01,-2.630469016730785370e-02,3.637307882308959961e-02,7.695747911930084229e-02,2.938509918749332428e-02,7.756484206765890121e-03,2.938509918749332428e-02,7.695747911930084229e-02,3.637307882308959961e-02,-2.630469016730785370e-02,-1.668691337108612061e-01
-1.570782065391540527e-02
2.000218778848648071e-01,5.596461147069931030e-02,5.387267842888832092e-02,1.004202142357826233e-01,9.801030904054641724e-02,1.004202142357826233e-01,5.387267842888832092e-02,5.596461147069931030e-02,2.000218778848648071e-01
-6.381420418620109558e-03,1.956817656755447388e-01,-9.192517027258872986e-04,6.632661074399948120e-02,1.577871739864349365e-01,6.632661074399948120e-02,-9.192517027258872986e-04,1.956817656755447388e-01,-6.381420418620109558e-03
-2.524691820144653320e-02
2.880747318267822266e-01,6.311035901308059692e-02,-3.320595249533653259e-02,9.316840767860412598e-02,1.159004494547843933e-01,4.403901845216751099e-02,1.159004494547843933e-01,9.316840767860412598e-02,-3.320595249533653259e-02,6.311035901308059692e-02,2.880747318267822266e-01
-1.041170358657836914e-01,1.559080034494400024e-01,6.634483486413955688e-02,5.233233794569969177e-02,6.049272418022155762e-02,7.809464633464813232e-02,6.049272418022155762e-02,5.233233794569969177e-02,6.634483486413955688e-02,1.559080034494400024e-01,-1.041170358657836914e-01
-3.611420467495918274e-02
2.395003288984298706e-01,6.580509990453720093e-02,1.308085471391677856e-01,6.126940995454788208e-02,2.619741484522819519e-02,6.126940995454788208e-02,1.308085471391677856e-01,6.580509990453720093e-02,2.395003288984298706e-01
-1.117627043277025223e-02,1.370366215705871582e-01,4.316312074661254883e-02,7.219845056533813477e-02,1.060820370912551880e-01,7.219845056533813477e-02,4.316312074661254883e-02,1.370366215705871582e-01,-1.117627043277025223e-02
-4.816866666078567505e-02
9.930229932069778442e-02,1.861859560012817383e-01,-7.980111986398696899e-03,1.439294368028640747e-01,1.175525858998298645e-01,5.222078412771224976e-02,1.175525858998298645e-01,1.439294368028640747e-01,-7.980111986398696899e-03,1.861859560012817383e-01,9.930229932069778442e-02
-3.264520466327667236e-01,1.452932972460985184e-02,2.222112864255905151e-01,1.102360710501670837e-01,-3.669097274541854858e-02,-4.992435500025749207e-02,-3.669097274541854858e-02,1.102360710501670837e-01,2.222112864255905151e-01,1.452932972460985184e-02,-3.264520466327667236e-01
-6.130550801753997803e-02
1.912420988082885742e-01,1.692779362201690674e-01,1.160368770360946655e-01,1.903988420963287354e-01,2.089807540178298950e-01,1.903988420963287354e-01,1.160368770360946655e-01,1.692779362201690674e-01,1.912420988082885742e-01
-9.922660142183303833e-02,1.939540654420852661e-01,-2.901310659945011139e-02,-1.259178947657346725e-02,2.080754488706588745e-01,-1.259178947657346725e-02,-2.901310659945011139e-02,1.939540654420852661e-01,-9.922660142183303833e-02
-7.544320076704025269e-02
-1.481604576110839844e-01,1.750146448612213135e-01,7.444678246974945068e-02,1.209273189306259155e-02,1.317796409130096436e-01,1.316313296556472778e-01,1.317796409130096436e-01,1.209273189306259155e-02,7.444678246974945068e-02,1.750146448612213135e-01,-1.481604576110839844e-01
-3.530404865741729736e-01,-8.260041475296020508e-02,5.612187832593917847e-02,-1.005803868174552917e-01,9.230525046586990356e-02,2.585284709930419922e-01,9.230525046586990356e-02,-1.005803868174552917e-01,5.612187832593917847e-02,-8.260041475296020508e-02,-3.530404865741729736e-01
-9.051609784364700317e-02
2.109319567680358887e-01,2.377821654081344604e-01,2.038296684622764587e-02,1.032750084996223450e-01,2.689682543277740479e-01,1.032750084996223450e-01,2.038296684622764587e-02,2.377821654081344604e-01,2.109319567680358887e-01
-3.463071584701538086e-01,9.768603742122650146e-02,1.216018572449684143e-01,-3.403467684984207153e-02,9.352470189332962036e-02,-3.403467684984207153e-02,1.216018572449684143e-01,9.768603742122650146e-02,-3.463071584701538086e-01
-1.064698770642280579e-01
-4.489018917083740234e-01,7.541135698556900024e-02,1.901738345623016357e-01,1.531505584716796875e-01,7.477541267871856689e-02,1.127894595265388489e-01,7.477541267871856689e-02,1.531505584716796875e-01,1.901738345623016357e-01,7.541135698556900024e-02,-4.489018917083740234e-01
-2.370391488075256348e-01,-2.637378275394439697e-01,4.649329185485839844e-02,-3.614849969744682312e-02,6.732554733753204346e-02,1.676878780126571655e-01,6.732554733753204346e-02,-3.614849969744682312e-02,4.649329185485839844e-02,-2.637378275394439697e-01,-2.370391488075256348e-01
-1.232586652040481567e-01
2.288017794489860535e-02,3.788138628005981445e-01,6.860876083374023438e-02,1.502127647399902344e-01,2.482048571109771729e-01,1.502127647399902344e-01,6.860876083374023438e-02,3.788138628005981445e-01,2.288017794489860535e-02
-3.688811361789703369e-01,-7.330651581287384033e-02,-6.364143639802932739e-02,5.466632544994354248e-02,1.819949895143508911e-01,5.466632544994354248e-02,-6.364143639802932739e-02,-7.330651581287384033e-02,-3.688811361789703369e-01
-1.408430486917495728e-01
-4.994921684265136719e-01,-4.455559328198432922e-02,2.934097945690155029e-01,1.256065964698791504e-01,1.324857324361801147e-01,1.514232605695724487e-01,1.324857324361801147e-01,1.256065964698791504e-01,2.934097945690155029e-01,-4.455559328198432922e-02,-4.994921684265136719e-01
2.916300483047962189e-02,-2.441443055868148804e-01,-1.204006820917129517e-01,7.462660782039165497e-03,6.751877069473266602e-02,2.183196842670440674e-01,6.751877069473266602e-02,7.462660782039165497e-03,-1.204006820917129517e-01,-2.441443055868148804e-01,2.916300483047962189e-02
-1.591886878013610840e-01
-2.340342253446578979e-01,3.097862005233764648e-01,1.927246153354644775e-01,1.402192711830139160e-01,3.012882769107818604e-01,1.402192711830139160e-01,1.927246153354644775e-01,3.097862005233764648e-01,-2.340342253446578979e-01
-3.521082699298858643e-01,-2.248655259609222412e-01,1.144585385918617249e-01,6.213697791099548340e-02,1.506320387125015259e-01,6.213697791099548340e-02,1.144585385918617249e-01,-2.248655259609222412e-01,-3.521082699298858643e-01
-1.782653480768203735e-01
-4.469683468341827393e-01,-1.134285181760787964e-01,2.060961425304412842e-01,2.424919605255126953e-01,1.592139601707458496e-01,2.788237631320953369e-01,1.592139601707458496e-01,2.424919605255126953e-01,2.060961425304412842e-01,-1.134285181760787964e-01,-4.469683468341827393e-01
2.913238406181335449e-01,-2.982494831085205078e-01,-2.036894261837005615e-01,-7.917980663478374481e-03,9.468343853950500488e-02,1.507274359464645386e-01,9.468343853950500488e-02,-7.917980663478374481e-03,-2.036894261837005615e-01,-2.982494831085205078e-01,2.913238406181335449e-01
-1.980461031198501587e-01
-3.351361453533172607e-01,2.638507485389709473e-01,2.217500954866409302e-01,1.721819490194320679e-01,3.282638788223266602e-01,1.721819490194320679e-01,2.217500954866409302e-01,2.638507485389709473e-01,-3.351361453533172607e-01
-3.710695505142211914e-01,-2.584077715873718262e-01,-5.238601565361022949e-02,7.697571069002151489e-02,7.698705792427062988e-02,7.697571069002151489e-02,-5.238601565361022949e-02,-2.584077715873718262e-01,-3.710695505142211914e-01
-2.185067981481552124e-01
-2.101041674613952637e-01,-3.223083019256591797e-01,1.884217113256454468e-01,2.339597046375274658e-01,2.362926006317138672e-01,2.456523776054382324e-01,2.362926006317138672e-01,2.339597046375274658e-01,1.884217113256454468e-01,-3.223083019256591797e-01,-2.101041674613952637e-01
4.834591448307037354e-01,-2.787479162216186523e-01,-2.486083805561065674e-01,-5.170150473713874817e-02,1.304924041032791138e-01,8.253002911806106567e-02,1.304924041032791138e-01,-5.170150473713874817e-02,-2.486083805561065674e-01,-2.787479162216186523e-01,4.834591448307037354e-01
-2.396256029605865479e-01
-5.325747132301330566e-01,2.338087558746337891e-01,2.131776064634323120e-01,2.489371746778488159e-01,2.461503148078918457e-01,2.489371746778488159e-01,2.131776064634323120e-01,2.338087558746337891e-01,-5.325747132301330566e-01
-2.069912403821945190e-01,-3.107254207134246826e-01,1.481144316494464874e-02,1.310743242502212524e-01,7.399094104766845703e-02,1.310743242502212524e-01,1.481144316494464874e-02,-3.107254207134246826e-01,-2.069912403821945190e-01
-2.613826692104339600e-01
1.132528483867645264e-01,-4.289363920688629150e-01,1.804489195346832275e-01,2.261013686656951904e-01,2.799370288848876953e-01,1.980832070112228394e-01,2.799370288848876953e-01,2.261013686656951904e-01,1.804489195346832275e-01,-4.289363920688629150e-01,1.132528483867645264e-01
4.853782057762145996e-01,-1.095658615231513977e-01,-3.748673498630523682e-01,-2.486508525907993317e-02,8.486890792846679688e-02,9.416697174310684204e-02,8.486890792846679688e-02,-2.486508525907993317e-02,-3.748673498630523682e-01,-1.095658615231513977e-01,4.853782057762145996e-01
-2.837598025798797607e-01
-5.700023174285888672e-01,1.138524115085601807e-01,2.437859624624252319e-01,2.781380414962768555e-01,2.179734855890274048e-01,2.781380414962768555e-01,2.437859624624252319e-01,1.138524115085601807e-01,-5.700023174285888672e-01
2.013437217101454735e-03,-4.550323188304901123e-01,2.564860135316848755e-02,1.030092090368270874e-01,1.303839981555938721e-01,1.030092090368270874e-01,2.564860135316848755e-02,-4.550323188304901123e-01,2.013437217101454735e-03
-3.067403435707092285e-01
3.148935139179229736e-01,-4.248311221599578857e-01,4.537807404994964600e-02,2.961591780185699463e-01,2.857042253017425537e-01,2.079740315675735474e-01,2.857042253017425537e-01,2.961591780185699463e-01,4.537807404994964600e-02,-4.248311221599578857e-01,3.148935139179229736e-01
3.287015855312347412e-01,1.248815134167671204e-01,-4.536105096340179443e-01,-7.591618224978446960e-03,4.384760931134223938e-02,1.314762234687805176e-01,4.384760931134223938e-02,-7.591618224978446960e-03,-4.536105096340179443e-01,1.248815134167671204e-01,3.287015855312347412e-01
-3.303088247776031494e-01
-4.876286685466766357e-01,-5.940370634198188782e-02,3.333536982536315918e-01,2.590389549732208252e-01,2.193342000246047974e-01,2.590389549732208252e-01,3.333536982536315918e-01,-5.940370634198188782e-02,-4.876286685466766357e-01
2.175215631723403931e-01,-4.957794249057769775e-01,4.632021300494670868e-03,6.962829828262329102e-02,1.495475023984909058e-01,6.962829828262329102e-02,4.632021300494670868e-03,-4.957794249057769775e-01,2.175215631723403931e-01
-3.544510006904602051e-01
3.412510454654693604e-01,-3.553978204727172852e-01,-1.373655945062637329e-01,3.684324622154235840e-01,2.721160054206848145e-01,2.615993618965148926e-01,2.721160054206848145e-01,3.684324622154235840e-01,-1.373655945062637329e-01,-3.553978204727172852e-01,3.412510454654693604e-01
1.769629120826721191e-01,2.746779620647430420e-01,-4.656298458576202393e-01,-3.717375546693801880e-02,4.212412238121032715e-02,1.346051096916198730e-01,4.212412238121032715e-02,-3.717375546693801880e-02,-4.656298458576202393e-01,2.746779620647430420e-01,1.769629120826721191e-01
-3.791535198688507080e-01
-3.598523437976837158e-01,-2.295715659856796265e-01,3.975370824337005615e-01,2.399777472019195557e-01,2.500619590282440186e-01,2.399777472019195557e-01,3.975370824337005615e-01,-2.295715659856796265e-01,-3.598523437976837158e-01
3.446532785892486572e-01,-4.753781855106353760e-01,-7.207033038139343262e-02,7.249175757169723511e-02,1.385143250226974487e-01,7.249175757169723511e-02,-7.207033038139343262e-02,-4.753781855106353760e-01,3.446532785892486572e-01
-4.044040143489837646e-01
3.398426473140716553e-01,-2.270685434341430664e-01,-2.677283287048339844e-01,4.330517351627349854e-01,2.766949832439422607e-01,3.038930594921112061e-01,2.766949832439422607e-01,4.330517351627349854e-01,-2.677283287048339844e-01,-2.270685434341430664e-01,3.398426473140716553e-01
7.315331697463989258e-02,3.573503494262695312e-01,-4.117668271064758301e-01,-1.127384454011917114e-01,6.054163351655006409e-02,1.024863496422767639e-01,6.054163351655006409e-02,-1.127384454011917114e-01,-4.117668271064758301e-01,3.573503494262695312e-01,7.315331697463989258e-02
-4.301908016204833984e-01
-2.200596481561660767e-01,-3.634038567543029785e-01,4.260149300098419189e-01,2.582055926322937012e-01,2.877855896949768066e-01,2.582055926322937012e-01,4.260149300098419189e-01,-3.634038567543029785e-01,-2.200596481561660767e-01
4.133036434650421143e-01,-3.935194909572601318e-01,-1.649729162454605103e-01,8.663244545459747314e-02,8.853469789028167725e-02,8.663244545459747314e-02,-1.649729162454605103e-01,-3.935194909572601318e-01,4.133036434650421143e-01
-4.565029740333557129e-01
3.359786272048950195e-01,-5.536214634776115417e-02,-3.072179853916168213e-01,4.634363651275634766e-01,2.857759594917297363e-01,3.012323081493377686e-01,2.857759594917297363e-01,4.634363651275634766e-01,-3.072179853916168213e-01,-5.536214634776115417e-02,3.359786272048950195e-01
-8.450335264205932617e-02,3.496368229389190674e-01,-2.849581539630889893e-01,-1.480767279863357544e-01,1.581624299287796021e-01,1.066379845142364502e-01,1.581624299287796021e-01,-1.480767279863357544e-01,-2.849581539630889893e-01,3.496368229389190674e-01,-8.450335264205932617e-02
-4.833302795886993408e-01
-1.427750140428543091e-01,-4.444924592971801758e-01,4.314804077148437500e-01,3.021599054336547852e-01,3.026598691940307617e-01,3.021599054336547852e-01,4.314804077148437500e-01,-4.444924592971801758e-01,-1.427750140428543091e-01
4.017945230007171631e-01,-3.066659569740295410e-01,-2.569166719913482666e-01,1.109798923134803772e-01,5.157113075256347656e-02,1.109798923134803772e-01,-2.569166719913482666e-01,-3.066659569740295410e-01,4.017945230007171631e-01
-5.106630325317382812e-01
2.812635302543640137e-01,-3.998409956693649292e-02,-4.253062009811401367e-01,4.270476400852203369e-01,3.380925357341766357e-01,3.135764896869659424e-01,3.380925357341766357e-01,4.270476400852203369e-01,-4.253062009811401367e-01,-3.998409956693649292e-02,2.812635302543640137e-01
-3.502479568123817444e-02,3.647905588150024414e-01,-2.145485430955886841e-01,-2.783304154872894287e-01,1.335679590702056885e-01,5.573457852005958557e-02,1.335679590702056885e-01,-2.783304154872894287e-01,-2.145485430955886841e-01,3.647905588150024414e-01,-3.502479568123817444e-02
-5.384919643402099609e-01
-4.322297871112823486e-02,-4.793615043163299561e-01,4.002234637737274170e-01,3.413108289241790771e-01,2.722126841545104980e-01,3.413108289241790771e-01,4.002234637737274170e-01,-4.793615043163299561e-01,-4.322297871112823486e-02
3.983687460422515869e-01,-1.938827633857727051e-01,-3.428634405136108398e-01,1.332436949014663696e-01,4.854524880647659302e-02,1.332436949014663696e-01,-3.428634405136108398e-01,-1.938827633857727051e-01,3.983687460422515869e-01
-5.668085217475891113e-01
2.527076303958892822e-01,2.673029303550720215e-01,-1.753725558519363403e-01,4.493805170059204102e-01,2.763596773147583008e-01,1.475330740213394165e-01,2.763596773147583008e-01,4.493805170059204102e-01,-1.753725558519363403e-01,2.673029303550720215e-01,2.527076303958892822e-01
-3.322830498218536377e-01,1.258335262537002563e-01,-7.716560363769531250e-02,-2.007486373186111450e-01,3.652132451534271240e-01,1.952075511217117310e-01,3.652132451534271240e-01,-2.007486373186111450e-01,-7.716560363769531250e-02,1.258335262537002563e-01,-3.322830498218536377e-01
-5.956043004989624023e-01
1.583541743457317352e-02,-4.871182143688201904e-01,3.619811832904815674e-01,4.273311793804168701e-01,2.868316173553466797e-01,4.273311793804168701e-01,3.619811832904815674e-01,-4.871182143688201904e-01,1.583541743457317352e-02
3.808376789093017578e-01,-9.285817295312881470e-02,-3.873631656169891357e-01,1.346545070409774780e-01,2.474819868803024292e-02,1.346545070409774780e-01,-3.873631656169891357e-01,-9.285817295312881470e-02,3.808376789093017578e-01
-6.248716115951538086e-01
2.572299838066101074e-01,5.777850747108459473e-02,-4.317991137504577637e-01,3.418461680412292480e-01,4.489300251007080078e-01,2.766148149967193604e-01,4.489300251007080078e-01,3.418461680412292480e-01,-4.317991137504577637e-01,5.777850747108459473e-02,2.572299838066101074e-01
-6.456486880779266357e-02,2.991211414337158203e-01,-3.794670104980468750e-02,-3.908934295177459717e-01,1.478749066591262817e-01,4.855586588382720947e-02,1.478749066591262817e-01,-3.908934295177459717e-01,-3.794670104980468750e-02,2.991211414337158203e-01,-6.456486880779266357e-02
-6.546028852462768555e-01
6.020080298185348511e-02,-4.769736528396606445e-01,2.958196401596069336e-01,4.674158692359924316e-01,2.482958585023880005e-01,4.674158692359924316e-01,2.958196401596069336e-01,-4.769736528396606445e-01,6.020080298185348511e-02
3.528652191162109375e-01,-7.240608800202608109e-03,-4.376851022243499756e-01,1.153246834874153137e-01,4.275989904999732971e-02,1.153246834874153137e-01,-4.376851022243499756e-01,-7.240608800202608109e-03,3.528652191162109375e-01
-6.847910881042480469e-01
2.416711449623107910e-01,6.722922623157501221e-02,-4.206540882587432861e-01,2.814816534519195557e-01,5.169403553009033203e-01,2.776741683483123779e-01,5.169403553009033203e-01,2.814816534519195557e-01,-4.206540882587432861e-01,6.722922623157501221e-02,2.416711449623107910e-01
-6.385890394449234009e-02,2.660629749298095703e-01,2.046458795666694641e-02,-4.264299869537353516e-01,1.190654188394546509e-01,4.773632064461708069e-02,1.190654188394546509e-01,-4.264299869537353516e-01,2.046458795666694641e-02,2.660629749298095703e-01,-6.385890394449234009e-02
-7.154292464256286621e-01
8.589340746402740479e-02,-4.496343135833740234e-01,2.243490368127822876e-01,5.008103847503662109e-01,2.190558910369873047e-01,5.008103847503662109e-01,2.243490368127822876e-01,-4.496343135833740234e-01,8.589340746402740479e-02
3.032918274402618408e-01,4.392538592219352722e-02,-4.436942040920257568e-01,1.131621897220611572e-01,6.714022904634475708e-02,1.131621897220611572e-01,-4.436942040920257568e-01,4.392538592219352722e-02,3.032918274402618408e-01
-7.465110421180725098e-01
2.564295828342437744e-01,1.218398064374923706e-01,-3.518276810646057129e-01,2.405277341604232788e-01,5.521921515464782715e-01,2.438772916793823242e-01,5.521921515464782715e-01,2.405277341604232788e-01,-3.518276810646057129e-01,1.218398064374923706e-01,2.564295828342437744e-01
-1.280926614999771118e-01,2.190326601266860962e-01,8.392813801765441895e-02,-4.318142831325531006e-01,1.085177883505821228e-01,8.632595092058181763e-02,1.085177883505821228e-01,-4.318142831325531006e-01,8.392813801765441895e-02,2.190326601266860962e-01,-1.280926614999771118e-01
-7.780300974845886230e-01
7.900193333625793457e-02,-3.836299777030944824e-01,1.873565614223480225e-01,5.583537817001342773e-01,2.293762564659118652e-01,5.583537817001342773e-01,1.873565614223480225e-01,-3.836299777030944824e-01,7.900193333625793457e-02
2.300938516855239868e-01,7.635877281427383423e-02,-4.577597081661224365e-01,6.486679613590240479e-02,7.885574549436569214e-02,6.486679613590240479e-02,-4.577597081661224365e-01,7.635877281427383423e-02,2.300938516855239868e-01
-8.099804520606994629e-01
2.662501037120819092e-01,8.289190381765365601e-02,-3.556977808475494385e-01,1.606988608837127686e-01,5.637006759643554688e-01,2.145597785711288452e-01,5.637006759643554688e-01,1.606988608837127686e-01,-3.556977808475494385e-01,8.289190381765365601e-02,2.662501037120819092e-01
-5.474961549043655396e-02,2.057870030403137207e-01,8.318554610013961792e-02,-4.488934576511383057e-01,6.375699490308761597e-02,9.809141606092453003e-02,6.375699490308761597e-02,-4.488934576511383057e-01,8.318554610013961792e-02,2.057870030403137207e-01,-5.474961549043655396e-02
-8.423564434051513672e-01
7.953123748302459717e-02,-4.091779589653015137e-01,1.053939834237098694e-01,5.604368448257446289e-01,1.825140714645385742e-01,5.604368448257446289e-01,1.053939834237098694e-01,-4.091779589653015137e-01,7.953123748302459717e-02
2.627954185009002686e-01,1.055869907140731812e-01,-4.671157896518707275e-01,2.935609221458435059e-02,1.058203428983688354e-01,2.935609221458435059e-02,-4.671157896518707275e-01,1.055869907140731812e-01,2.627954185009002686e-01
-8.751524686813354492e-01
2.779832482337951660e-01,9.901904314756393433e-02,-3.188337385654449463e-01,1.027851402759552002e-01,5.723962187767028809e-01,1.895167827606201172e-01,5.723962187767028809e-01,1.027851402759552002e-01,-3.188337385654449463e-01,9.901904314756393433e-02,2.779832482337951660e-01
-6.380122900009155273e-02,1.758404970169067383e-01,9.082909673452377319e-02,-4.532036781311035156e-01,1.882691681385040283e-02,1.253983527421951294e-01,1.882691681385040283e-02,-4.532036781311035156e-01,9.082909673452377319e-02,1.758404970169067383e-01,-6.380122900009155273e-02
-9.083632230758666992e-01
6.726121902465820312e-02,-3.507426977157592773e-01,5.097240582108497620e-02,5.549082159996032715e-01,1.628053188323974609e-01,5.549082159996032715e-01,5.097240582108497620e-02,-3.507426977157592773e-01,6.726121902465820312e-02
2.125423997640609741e-01,9.157645702362060547e-02,-4.793702363967895508e-01,-1.937923021614551544e-02,1.368261277675628662e-01,-1.937923021614551544e-02,-4.793702363967895508e-01,9.157645702362060547e-02,2.125423997640609741e-01
-9.419835805892944336e-01
2.477587014436721802e-01,1.831886470317840576e-01,-1.871478408575057983e-01,1.128728091716766357e-01,5.899513363838195801e-01,1.732152849435806274e-01,5.899513363838195801e-01,1.128728091716766357e-01,-1.871478408575057983e-01,1.831886470317840576e-01,2.477587014436721802e-01
-2.255849987268447876e-01,9.554971009492874146e-02,1.618738025426864624e-01,-3.861874938011169434e-01,5.467676371335983276e-02,2.218004614114761353e-01,5.467676371335983276e-02,-3.861874938011169434e-01,1.618738025426864624e-01,9.554971009492874146e-02,-2.255849987268447876e-01
-9.760087132453918457e-01
2.685661613941192627e-02,-3.915993571281433105e-01,-1.226782519370317459e-02,5.542663335800170898e-01,1.309455186128616333e-01,5.542663335800170898e-01,-1.226782519370317459e-02,-3.915993571281433105e-01,2.685661613941192627e-02
2.737014293670654297e-01,1.455304920673370361e-01,-4.912279844284057617e-01,-1.125726699829101562e-01,1.425699740648269653e-01,-1.125726699829101562e-01,-4.912279844284057617e-01,1.455304920673370361e-01,2.737014293670654297e-01
-1.010433793067932129e+00
1.900992244482040405e-01,1.816539466381072998e-01,-1.229409351944923401e-01,1.058122590184211731e-01,5.895301103591918945e-01,1.547149866819381714e-01,5.895301103591918945e-01,1.058122590184211731e-01,-1.229409351944923401e-01,1.816539466381072998e-01,1.900992244482040405e-01
-2.773269116878509521e-01,3.873538598418235779e-02,1.945088505744934082e-01,-3.372863829135894775e-01,2.788869291543960571e-02,2.567892968654632568e-01,2.788869291543960571e-02,-3.372863829135894775e-01,1.945088505744934082e-01,3.873538598418235779e-02,-2.773269116878509521e-01
-1.045254230499267578e+00
-3.059644810855388641e-02,-4.000507891178131104e-01,-8.067636936902999878e-02,5.296390056610107422e-01,1.074464172124862671e-01,5.296390056610107422e-01,-8.067636936902999878e-02,-4.000507891178131104e-01,-3.059644810855388641e-02
2.508379220962524414e-01,1.385236084461212158e-01,-4.703024625778198242e-01,-1.410057097673416138e-01,1.800044476985931396e-01,-1.410057097673416138e-01,-4.703024625778198242e-01,1.385236084461212158e-01,2.508379220962524414e-01
-1.080465555191040039e+00
1.683078557252883911e-01,1.697981804609298706e-01,-7.544893771409988403e-02,8.670275658369064331e-02,5.747311115264892578e-01,1.333808004856109619e-01,5.747311115264892578e-01,8.670275658369064331e-02,-7.544893771409988403e-02,1.697981804609298706e-01,1.683078557252883911e-01
-2.775741219520568848e-01,1.099581015296280384e-03,1.874218881130218506e-01,-2.840558588504791260e-01,8.563794195652008057e-02,3.780787289142608643e-01,8.563794195652008057e-02,-2.840558588504791260e-01,1.874218881130218506e-01,1.099581015296280384e-03,-2.775741219520568848e-01
-1.116063475608825684e+00
1.226404756307601929e-01,-2.244616001844406128e-01,-2.149478718638420105e-02,5.297858715057373047e-01,9.494879841804504395e-02,5.297858715057373047e-01,-2.149478718638420105e-02,-2.244616001844406128e-01,1.226404756307601929e-01
1.424329876899719238e-01,1.574882566928863525e-01,-4.149414896965026855e-01,-1.956523358821868896e-01,1.341888755559921265e-01,-1.956523358821868896e-01,-4.149414896965026855e-01,1.574882566928863525e-01,1.424329876899719238e-01
-1.152043938636779785e+00
2.067758142948150635e-01,-1.287697907537221909e-02,-2.327737063169479370e-01,-1.467399392277002335e-02,5.247681140899658203e-01,1.019506379961967468e-01,5.247681140899658203e-01,-1.467399392277002335e-02,-2.327737063169479370e-01,-1.287697907537221909e-02,2.067758142948150635e-01
4.140090569853782654e-02,1.342957466840744019e-01,7.917303591966629028e-02,-4.065606892108917236e-01,-2.214809954166412354e-01,1.021898761391639709e-01,-2.214809954166412354e-01,-4.065606892108917236e-01,7.917303591966629028e-02,1.342957466840744019e-01,4.140090569853782654e-02
-1.188402771949768066e+00
-7.520276121795177460e-03,-2.814063727855682373e-01,-8.529879152774810791e-02,4.422377645969390869e-01,1.453237328678369522e-02,4.422377645969390869e-01,-8.529879152774810791e-02,-2.814063727855682373e-01,-7.520276121795177460e-03
1.130543574690818787e-01,1.185123622417449951e-01,-3.776685297489166260e-01,-2.136645317077636719e-01,1.600319445133209229e-01,-2.136645317077636719e-01,-3.776685297489166260e-01,1.185123622417449951e-01,1.130543574690818787e-01
-1.225136160850524902e+00
1.991252303123474121e-01,9.816598892211914062e-02,-5.533128231763839722e-02,5.671949684619903564e-02,4.813170135021209717e-01,4.397139325737953186e-02,4.813170135021209717e-01,5.671949684619903564e-02,-5.533128231763839722e-02,9.816598892211914062e-02,1.991252303123474121e-01
-1.202726066112518311e-01,3.212587162852287292e-02,1.447408646345138550e-01,-2.735361158847808838e-01,-1.772848814725875854e-01,1.821662038564682007e-01,-1.772848814725875854e-01,-2.735361158847808838e-01,1.447408646345138550e-01,3.212587162852287292e-02,-1.202726066112518311e-01
-1.262240409851074219e+00
8.295448869466781616e-02,-2.506657540798187256e-01,-9.285303205251693726e-02,4.802363812923431396e-01,5.869033932685852051e-02,4.802363812923431396e-01,-9.285303205251693726e-02,-2.506657540798187256e-01,8.295448869466781616e-02
1.952153593301773071e-01,2.420666962862014771e-01,-3.322755098342895508e-01,-1.816930323839187622e-01,3.487941920757293701e-01,-1.816930323839187622e-01,-3.322755098342895508e-01,2.420666962862014771e-01,1.952153593301773071e-01
-1.299711704254150391e+00
-9.271718561649322510e-02,1.968451887369155884e-01,2.027033865451812744e-01,-5.723609775304794312e-02,1.674054712057113647e-01,5.718477964401245117e-01,1.674054712057113647e-01,-5.723609775304794312e-02,2.027033865451812744e-01,1.968451887369155884e-01,-9.271718561649322510e-02
-3.073074817657470703e-01,-1.223913431167602539e-01,1.587316766381263733e-02,-1.458867490291595459e-01,-7.879512757062911987e-02,1.012534379959106445e+00,-7.879512757062911987e-02,-1.458867490291595459e-01,1.587316766381263733e-02,-1.223913431167602539e-01,-3.073074817657470703e-01
-0.000000000000000000e+00
