4.720915108919143677e-03,-3.759026294574141502e-04,2.023985795676708221e-02,-1.720270067453384399e-01,4.878114461898803711e-01,3.129646480083465576e-01,4.878114461898803711e-01,-1.720270067453384399e-01,2.023985795676708221e-02,-3.759026294574141502e-04,4.720915108919143677e-03
2.838996425271034241e-02,-5.061341449618339539e-02,1.075966209173202515e-01,-1.938723772764205933e-01,-1.265700310468673706e-01,4.824153482913970947e-01,-1.265700310468673706e-01,-1.938723772764205933e-01,1.075966209173202515e-01,-5.061341449618339539e-02,2.838996425271034241e-02
-7.218760848045349121e-01
-1.674498058855533600e-02,1.268956959247589111e-01,-2.756642103195190430e-01,2.153323292732238770e-01,3.629135191440582275e-01,2.420773357152938843e-01,3.629135191440582275e-01,2.153323292732238770e-01,-2.756642103195190430e-01,1.268956959247589111e-01,-1.674498058855533600e-02
-7.414632290601730347e-02,7.489572465419769287e-02,2.550182864069938660e-02,-3.490893840789794922e-01,2.168206572532653809e-01,1.749378889799118042e-01,2.168206572532653809e-01,-3.490893840789794922e-01,2.550182864069938660e-02,7.489572465419769287e-02,-7.414632290601730347e-02
-1.063408255577087402e+00
-4.871425777673721313e-02,8.283796906471252441e-02,-1.427458673715591431e-01,-1.581642962992191315e-02,4.946383237838745117e-01,1.858900338411331177e-01,4.946383237838745117e-01,-1.581642962992191315e-02,-1.427458673715591431e-01,8.283796906471252441e-02,-4.871425777673721313e-02
-1.893498818390071392e-03,-3.034386225044727325e-02,1.477563828229904175e-01,-3.605117499828338623e-01,1.131023913621902466e-01,2.861430644989013672e-01,1.131023913621902466e-01,-3.605117499828338623e-01,1.477563828229904175e-01,-3.034386225044727325e-02,-1.893498818390071392e-03
-1.444933056831359863e+00
-1.994890533387660980e-02,3.238248080015182495e-02,-3.310951590538024902e-02,-1.308667808771133423e-01,5.184739232063293457e-01,2.286287397146224976e-01,5.184739232063293457e-01,-1.308667808771133423e-01,-3.310951590538024902e-02,3.238248080015182495e-02,-1.994890533387660980e-02
2.430554479360580444e-02,-5.618294328451156616e-02,1.402143687009811401e-01,-2.781518995761871338e-01,-2.733916230499744415e-02,4.057839214801788330e-01,-2.733916230499744415e-02,-2.781518995761871338e-01,1.402143687009811401e-01,-5.618294328451156616e-02,2.430554479360580444e-02
-1.862723350524902344e+00
3.481188323348760605e-04,-4.077116027474403381e-03,2.215745486319065094e-02,-1.696227490901947021e-01,4.862901568412780762e-01,3.138457238674163818e-01,4.862901568412780762e-01,-1.696227490901947021e-01,2.215745486319065094e-02,-4.077116027474403381e-03,3.481188323348760605e-04
2.523640729486942291e-02,-4.990306869149208069e-02,1.095666065812110901e-01,-1.906185150146484375e-01,-1.310864090919494629e-01,4.805485010147094727e-01,-1.310864090919494629e-01,-1.906185150146484375e-01,1.095666065812110901e-01,-4.990306869149208069e-02,2.523640729486942291e-02
-2.313916444778442383e+00
1.287706755101680756e-02,-1.906112395226955414e-02,4.938468709588050842e-02,-1.736687272787094116e-01,4.342018961906433105e-01,4.047358334064483643e-01,4.342018961906433105e-01,-1.736687272787094116e-01,4.938468709588050842e-02,-1.906112395226955414e-02,1.287706755101680756e-02
1.877999864518642426e-02,-3.734141215682029724e-02,7.835756242275238037e-02,-1.231939271092414856e-01,-1.960736811161041260e-01,5.176653265953063965e-01,-1.960736811161041260e-01,-1.231939271092414856e-01,7.835756242275238037e-02,-3.734141215682029724e-02,1.877999864518642426e-02
-2.796229600906372070e+00
1.836378499865531921e-02,-2.597650326788425446e-02,5.938417837023735046e-02,-1.629146337509155273e-01,3.813617527484893799e-01,4.876805543899536133e-01,3.813617527484893799e-01,-1.629146337509155273e-01,5.938417837023735046e-02,-2.597650326788425446e-02,1.836378499865531921e-02
1.370118558406829834e-02,-2.457822300493717194e-02,5.270814895629882812e-02,-7.404656708240509033e-02,-2.328983694314956665e-01,5.284417271614074707e-01,-2.328983694314956665e-01,-7.404656708240509033e-02,5.270814895629882812e-02,-2.457822300493717194e-02,1.370118558406829834e-02
-3.307788610458374023e+00
1.916916854679584503e-02,-2.755934186279773712e-02,6.115765869617462158e-02,-1.487982273101806641e-01,3.332789838314056396e-01,5.590080618858337402e-01,3.332789838314056396e-01,-1.487982273101806641e-01,6.115765869617462158e-02,-2.755934186279773712e-02,1.916916854679584503e-02
4.698872566223144531e-03,-1.622524857521057129e-02,3.510538116097450256e-02,-3.792824596166610718e-02,-2.501601278781890869e-01,5.237426757812500000e-01,-2.501601278781890869e-01,-3.792824596166610718e-02,3.510538116097450256e-02,-1.622524857521057129e-02,4.698872566223144531e-03
-3.847019672393798828e+00
1.760575175285339355e-02,-2.658879011869430542e-02,5.764210969209671021e-02,-1.355529427528381348e-01,2.923533320426940918e-01,6.197580695152282715e-01,2.923533320426940918e-01,-1.355529427528381348e-01,5.764210969209671021e-02,-2.658879011869430542e-02,1.760575175285339355e-02
-1.327726640738546848e-03,-9.728016331791877747e-03,2.331804297864437103e-02,-1.125221233814954758e-02,-2.544227540493011475e-01,5.088691115379333496e-01,-2.544227540493011475e-01,-1.125221233814954758e-02,2.331804297864437103e-02,-9.728016331791877747e-03,-1.327726640738546848e-03
-4.412577629089355469e+00
1.975006423890590668e-02,-2.526612766087055206e-02,5.322565138339996338e-02,-1.209139749407768250e-01,2.569464743137359619e-01,6.700254678726196289e-01,2.569464743137359619e-01,-1.209139749407768250e-01,5.322565138339996338e-02,-2.526612766087055206e-02,1.975006423890590668e-02
-9.657634655013680458e-04,-1.728973235003650188e-03,1.002469565719366074e-02,-8.107160829240456223e-05,-2.561622858047485352e-01,4.893516600131988525e-01,-2.561622858047485352e-01,-8.107160829240456223e-05,1.002469565719366074e-02,-1.728973235003650188e-03,-9.657634655013680458e-04
-5.003295421600341797e+00
-3.594793751835823059e-02,5.590078234672546387e-02,-8.031513541936874390e-02,-8.650703728199005127e-02,5.165452361106872559e-01,2.005205750465393066e-01,5.165452361106872559e-01,-8.650703728199005127e-02,-8.031513541936874390e-02,5.590078234672546387e-02,-3.594793751835823059e-02
1.706170290708541870e-02,-4.714182019233703613e-02,1.448508948087692261e-01,-3.233797848224639893e-01,4.404745250940322876e-02,3.502675592899322510e-01,4.404745250940322876e-02,-3.233797848224639893e-01,1.448508948087692261e-01,-4.714182019233703613e-02,1.706170290708541870e-02
-7.218760848045349121e-01
-1.424105931073427200e-02,1.234877556562423706e-01,-2.727397680282592773e-01,2.151127904653549194e-01,3.642385005950927734e-01,2.444677650928497314e-01,3.642385005950927734e-01,2.151127904653549194e-01,-2.727397680282592773e-01,1.234877556562423706e-01,-1.424105931073427200e-02
-7.688409090042114258e-02,7.139561325311660767e-02,2.577312290668487549e-02,-3.459740281105041504e-01,2.169672101736068726e-01,1.729450523853302002e-01,2.169672101736068726e-01,-3.459740281105041504e-01,2.577312290668487549e-02,7.139561325311660767e-02,-7.688409090042114258e-02
-1.063408255577087402e+00
-4.970620200037956238e-02,7.926930487155914307e-02,-1.408285945653915405e-01,-1.541788037866353989e-02,4.940496087074279785e-01,1.868311911821365356e-01,4.940496087074279785e-01,-1.541788037866353989e-02,-1.408285945653915405e-01,7.926930487155914307e-02,-4.970620200037956238e-02
6.619420310016721487e-05,-2.819147519767284393e-02,1.435829401016235352e-01,-3.600268959999084473e-01,1.140135526657104492e-01,2.854280471801757812e-01,1.140135526657104492e-01,-3.600268959999084473e-01,1.435829401016235352e-01,-2.819147519767284393e-02,6.619420310016721487e-05
-1.444933056831359863e+00
-2.124463953077793121e-02,2.914532274007797241e-02,-3.522457182407379150e-02,-1.316730082035064697e-01,5.177291631698608398e-01,2.296450287103652954e-01,5.177291631698608398e-01,-1.316730082035064697e-01,-3.522457182407379150e-02,2.914532274007797241e-02,-2.124463953077793121e-02
2.322857826948165894e-02,-5.420673638582229614e-02,1.380999386310577393e-01,-2.748486995697021484e-01,-2.377392165362834930e-02,4.034800827503204346e-01,-2.377392165362834930e-02,-2.748486995697021484e-01,1.380999386310577393e-01,-5.420673638582229614e-02,2.322857826948165894e-02
-1.862723350524902344e+00
1.522712409496307373e-03,-2.402700949460268021e-03,2.051632478833198547e-02,-1.690030246973037720e-01,4.859043359756469727e-01,3.157826662063598633e-01,4.859043359756469727e-01,-1.690030246973037720e-01,2.051632478833198547e-02,-2.402700949460268021e-03,1.522712409496307373e-03
2.433982677757740021e-02,-4.831280559301376343e-02,1.056640818715095520e-01,-1.888003945350646973e-01,-1.270049661397933960e-01,4.782348573207855225e-01,-1.270049661397933960e-01,-1.888003945350646973e-01,1.056640818715095520e-01,-4.831280559301376343e-02,2.433982677757740021e-02
-2.313916444778442383e+00
1.309739332646131516e-02,-1.901358552277088165e-02,4.646443948149681091e-02,-1.736002862453460693e-01,4.341068267822265625e-01,4.055430889129638672e-01,4.341068267822265625e-01,-1.736002862453460693e-01,4.646443948149681091e-02,-1.901358552277088165e-02,1.309739332646131516e-02
1.908032596111297607e-02,-3.509188443422317505e-02,7.356366515159606934e-02,-1.219901889562606812e-01,-1.917994320392608643e-01,5.146152973175048828e-01,-1.917994320392608643e-01,-1.219901889562606812e-01,7.356366515159606934e-02,-3.509188443422317505e-02,1.908032596111297607e-02
-2.796229600906372070e+00
1.793474890291690826e-02,-2.661765180528163910e-02,5.537211522459983826e-02,-1.635425388813018799e-01,3.814167678356170654e-01,4.887245893478393555e-01,3.814167678356170654e-01,-1.635425388813018799e-01,5.537211522459983826e-02,-2.661765180528163910e-02,1.793474890291690826e-02
1.337938290089368820e-02,-2.393282204866409302e-02,4.848533868789672852e-02,-7.425225526094436646e-02,-2.272778600454330444e-01,5.232945084571838379e-01,-2.272778600454330444e-01,-7.425225526094436646e-02,4.848533868789672852e-02,-2.393282204866409302e-02,1.337938290089368820e-02
-3.307788610458374023e+00
1.925476081669330597e-02,-2.701538614928722382e-02,5.704451724886894226e-02,-1.486479789018630981e-01,3.327877223491668701e-01,5.605673193931579590e-01,3.327877223491668701e-01,-1.486479789018630981e-01,5.704451724886894226e-02,-2.701538614928722382e-02,1.925476081669330597e-02
7.083414588123559952e-03,-1.442856434732675552e-02,3.015750460326671600e-02,-4.117483273148536682e-02,-2.460951656103134155e-01,5.198822617530822754e-01,-2.460951656103134155e-01,-4.117483273148536682e-02,3.015750460326671600e-02,-1.442856434732675552e-02,7.083414588123559952e-03
-3.847019672393798828e+00
1.843659393489360809e-02,-2.680456638336181641e-02,5.513632297515869141e-02,-1.328011155128479004e-01,2.910289764404296875e-01,6.197651624679565430e-01,2.910289764404296875e-01,-1.328011155128479004e-01,5.513632297515869141e-02,-2.680456638336181641e-02,1.843659393489360809e-02
4.276098683476448059e-03,-5.376986693590879440e-03,1.520333066582679749e-02,-1.838133856654167175e-02,-2.550024390220642090e-01,5.072995424270629883e-01,-2.550024390220642090e-01,-1.838133856654167175e-02,1.520333066582679749e-02,-5.376986693590879440e-03,4.276098683476448059e-03
-4.412577629089355469e+00
1.762410439550876617e-02,-2.507779002189636230e-02,5.180503055453300476e-02,-1.187570691108703613e-01,2.561275064945220947e-01,6.696586012840270996e-01,2.561275064945220947e-01,-1.187570691108703613e-01,5.180503055453300476e-02,-2.507779002189636230e-02,1.762410439550876617e-02
-1.379257155349478126e-04,9.771549375727772713e-04,6.013734731823205948e-03,-1.627139514312148094e-03,-2.553873658180236816e-01,4.888078868389129639e-01,-2.553873658180236816e-01,-1.627139514312148094e-03,6.013734731823205948e-03,9.771549375727772713e-04,-1.379257155349478126e-04
-5.003295421600341797e+00
-3.603022918105125427e-02,5.219670012593269348e-02,-8.017916977405548096e-02,-8.375848829746246338e-02,5.166171789169311523e-01,2.000938504934310913e-01,5.166171789169311523e-01,-8.375848829746246338e-02,-8.017916977405548096e-02,5.219670012593269348e-02,-3.603022918105125427e-02
1.443288009613752365e-02,-4.596216604113578796e-02,1.474694758653640747e-01,-3.220159411430358887e-01,4.401940479874610901e-02,3.458346128463745117e-01,4.401940479874610901e-02,-3.220159411430358887e-01,1.474694758653640747e-01,-4.596216604113578796e-02,1.443288009613752365e-02
-7.218760848045349121e-01
-1.683101803064346313e-02,1.234074681997299194e-01,-2.706059813499450684e-01,2.144260108470916748e-01,3.627572357654571533e-01,2.457941323518753052e-01,3.627572357654571533e-01,2.144260108470916748e-01,-2.706059813499450684e-01,1.234074681997299194e-01,-1.683101803064346313e-02
-7.433522492647171021e-02,7.457397878170013428e-02,2.580068632960319519e-02,-3.471638560295104980e-01,2.181042581796646118e-01,1.749480664730072021e-01,2.181042581796646118e-01,-3.471638560295104980e-01,2.580068632960319519e-02,7.457397878170013428e-02,-7.433522492647171021e-02
-1.063408255577087402e+00
-4.620078951120376587e-02,8.595665544271469116e-02,-1.367685943841934204e-01,-1.753731630742549896e-02,4.927024245262145996e-01,1.887143552303314209e-01,4.927024245262145996e-01,-1.753731630742549896e-02,-1.367685943841934204e-01,8.595665544271469116e-02,-4.620078951120376587e-02
-2.285129390656948090e-03,-2.779311500489711761e-02,1.417536884546279907e-01,-3.607745170593261719e-01,1.160457506775856018e-01,2.863051593303680420e-01,1.160457506775856018e-01,-3.607745170593261719e-01,1.417536884546279907e-01,-2.779311500489711761e-02,-2.285129390656948090e-03
-1.444933056831359863e+00
-2.106042578816413879e-02,2.954728715121746063e-02,-3.390927240252494812e-02,-1.303215473890304565e-01,5.186835527420043945e-01,2.314574569463729858e-01,5.186835527420043945e-01,-1.303215473890304565e-01,-3.390927240252494812e-02,2.954728715121746063e-02,-2.106042578816413879e-02
2.115550264716148376e-02,-5.340737476944923401e-02,1.369665712118148804e-01,-2.754898667335510254e-01,-2.307002246379852295e-02,4.016820788383483887e-01,-2.307002246379852295e-02,-2.754898667335510254e-01,1.369665712118148804e-01,-5.340737476944923401e-02,2.115550264716148376e-02
-1.862723350524902344e+00
1.856020884588360786e-03,-4.212742169329430908e-06,2.377714589238166809e-02,-1.686071753501892090e-01,4.861459434032440186e-01,3.159663677215576172e-01,4.861459434032440186e-01,-1.686071753501892090e-01,2.377714589238166809e-02,-4.212742169329430908e-06,1.856020884588360786e-03
2.259543351829051971e-02,-4.849199205636978149e-02,1.028534621000289917e-01,-1.900705397129058838e-01,-1.263870596885681152e-01,4.760036766529083252e-01,-1.263870596885681152e-01,-1.900705397129058838e-01,1.028534621000289917e-01,-4.849199205636978149e-02,2.259543351829051971e-02
-2.313916444778442383e+00
1.288915984332561493e-02,-1.657543145120143890e-02,4.911568388342857361e-02,-1.724893748760223389e-01,4.349558651447296143e-01,4.064942896366119385e-01,4.349558651447296143e-01,-1.724893748760223389e-01,4.911568388342857361e-02,-1.657543145120143890e-02,1.288915984332561493e-02
1.747936569154262543e-02,-3.607627004384994507e-02,7.198663800954818726e-02,-1.228146925568580627e-01,-1.897425204515457153e-01,5.110130310058593750e-01,-1.897425204515457153e-01,-1.228146925568580627e-01,7.198663800954818726e-02,-3.607627004384994507e-02,1.747936569154262543e-02
-2.796229600906372070e+00
1.820654794573783875e-02,-2.312560752034187317e-02,5.825679749250411987e-02,-1.617352366447448730e-01,3.814836740493774414e-01,4.889789819717407227e-01,3.814836740493774414e-01,-1.617352366447448730e-01,5.825679749250411987e-02,-2.312560752034187317e-02,1.820654794573783875e-02
1.218365784734487534e-02,-2.360675483942031860e-02,4.682302474975585938e-02,-7.467216253280639648e-02,-2.262185066938400269e-01,5.218051075935363770e-01,-2.262185066938400269e-01,-7.467216253280639648e-02,4.682302474975585938e-02,-2.360675483942031860e-02,1.218365784734487534e-02
-3.307788610458374023e+00
1.817540824413299561e-02,-2.673384360969066620e-02,5.923288315534591675e-02,-1.472229957580566406e-01,3.323603272438049316e-01,5.585246682167053223e-01,3.323603272438049316e-01,-1.472229957580566406e-01,5.923288315534591675e-02,-2.673384360969066620e-02,1.817540824413299561e-02
5.665011703968048096e-03,-1.315772254019975662e-02,2.944455109536647797e-02,-4.060084000229835510e-02,-2.458206713199615479e-01,5.167090892791748047e-01,-2.458206713199615479e-01,-4.060084000229835510e-02,2.944455109536647797e-02,-1.315772254019975662e-02,5.665011703968048096e-03
-3.847019672393798828e+00
1.902664639055728912e-02,-2.709495835006237030e-02,5.509094148874282837e-02,-1.334395706653594971e-01,2.898844480514526367e-01,6.173716187477111816e-01,2.898844480514526367e-01,-1.334395706653594971e-01,5.509094148874282837e-02,-2.709495835006237030e-02,1.902664639055728912e-02
2.999641234055161476e-03,-4.480273462831974030e-03,1.535123400390148163e-02,-1.793677546083927155e-02,-2.543973326683044434e-01,5.020550489425659180e-01,-2.543973326683044434e-01,-1.793677546083927155e-02,1.535123400390148163e-02,-4.480273462831974030e-03,2.999641234055161476e-03
-4.412577629089355469e+00
1.924133673310279846e-02,-2.478667348623275757e-02,5.194190517067909241e-02,-1.193099543452262878e-01,2.538582682609558105e-01,6.663529276847839355e-01,2.538582682609558105e-01,-1.193099543452262878e-01,5.194190517067909241e-02,-2.478667348623275757e-02,1.924133673310279846e-02
-4.091567825525999069e-04,7.403520285151898861e-04,4.792213905602693558e-03,-1.666172989644110203e-03,-2.543659806251525879e-01,4.852681457996368408e-01,-2.543659806251525879e-01,-1.666172989644110203e-03,4.792213905602693558e-03,7.403520285151898861e-04,-4.091567825525999069e-04
-5.003295421600341797e+00
-3.586589917540550232e-02,5.088766664266586304e-02,-8.028721809387207031e-02,-8.307305723428726196e-02,5.154994130134582520e-01,1.991852372884750366e-01,5.154994130134582520e-01,-8.307305723428726196e-02,-8.028721809387207031e-02,5.088766664266586304e-02,-3.586589917540550232e-02
1.006783638149499893e-02,-4.710957035422325134e-02,1.489903032779693604e-01,-3.198546767234802246e-01,4.322505369782447815e-02,3.405699729919433594e-01,4.322505369782447815e-02,-3.198546767234802246e-01,1.489903032779693604e-01,-4.710957035422325134e-02,1.006783638149499893e-02
-7.218760848045349121e-01
-1.674910075962543488e-02,1.235143616795539856e-01,-2.692670524120330811e-01,2.139713168144226074e-01,3.598413467407226562e-01,2.440770417451858521e-01,3.598413467407226562e-01,2.139713168144226074e-01,-2.692670524120330811e-01,1.235143616795539856e-01,-1.674910075962543488e-02
-7.812564074993133545e-02,7.310295104980468750e-02,2.551210299134254456e-02,-3.463962078094482422e-01,2.152170240879058838e-01,1.710809916257858276e-01,2.152170240879058838e-01,-3.463962078094482422e-01,2.551210299134254456e-02,7.310295104980468750e-02,-7.812564074993133545e-02
-1.063408255577087402e+00
-4.897265508770942688e-02,8.189984411001205444e-02,-1.379749625921249390e-01,-1.723651587963104248e-02,4.905461072921752930e-01,1.871506422758102417e-01,4.905461072921752930e-01,-1.723651587963104248e-02,-1.379749625921249390e-01,8.189984411001205444e-02,-4.897265508770942688e-02
-3.731868462637066841e-03,-2.797034196555614471e-02,1.423775255680084229e-01,-3.593721687793731689e-01,1.157767474651336670e-01,2.822668254375457764e-01,1.157767474651336670e-01,-3.593721687793731689e-01,1.423775255680084229e-01,-2.797034196555614471e-02,-3.731868462637066841e-03
-1.444933056831359863e+00
-2.033450640738010406e-02,2.862717770040035248e-02,-3.382644429802894592e-02,-1.303704977035522461e-01,5.170760750770568848e-01,2.299065589904785156e-01,5.170760750770568848e-01,-1.303704977035522461e-01,-3.382644429802894592e-02,2.862717770040035248e-02,-2.033450640738010406e-02
2.028294652700424194e-02,-5.262609571218490601e-02,1.368944346904754639e-01,-2.749305069446563721e-01,-2.312524802982807159e-02,3.984178602695465088e-01,-2.312524802982807159e-02,-2.749305069446563721e-01,1.368944346904754639e-01,-5.262609571218490601e-02,2.028294652700424194e-02
-1.862723350524902344e+00
2.150648972019553185e-03,-4.311977885663509369e-03,2.075061947107315063e-02,-1.690457612276077271e-01,4.860591292381286621e-01,3.152627050876617432e-01,4.860591292381286621e-01,-1.690457612276077271e-01,2.075061947107315063e-02,-4.311977885663509369e-03,2.150648972019553185e-03
2.302759140729904175e-02,-4.613697156310081482e-02,1.048596650362014771e-01,-1.886272579431533813e-01,-1.252045929431915283e-01,4.718674123287200928e-01,-1.252045929431915283e-01,-1.886272579431533813e-01,1.048596650362014771e-01,-4.613697156310081482e-02,2.302759140729904175e-02
-2.313916444778442383e+00
1.330322679132223129e-02,-2.051232568919658661e-02,4.517685621976852417e-02,-1.737284213304519653e-01,4.350707828998565674e-01,4.064127802848815918e-01,4.350707828998565674e-01,-1.737284213304519653e-01,4.517685621976852417e-02,-2.051232568919658661e-02,1.330322679132223129e-02
1.863181218504905701e-02,-3.191152215003967285e-02,7.506933063268661499e-02,-1.210200414061546326e-01,-1.879159808158874512e-01,5.088968276977539062e-01,-1.879159808158874512e-01,-1.210200414061546326e-01,7.506933063268661499e-02,-3.191152215003967285e-02,1.863181218504905701e-02
-2.796229600906372070e+00
1.776715554296970367e-02,-2.825199067592620850e-02,5.363266542553901672e-02,-1.635545641183853149e-01,3.820876777172088623e-01,4.889740347862243652e-01,3.820876777172088623e-01,-1.635545641183853149e-01,5.363266542553901672e-02,-2.825199067592620850e-02,1.776715554296970367e-02
1.345919165760278702e-02,-1.863457262516021729e-02,5.056978389620780945e-02,-7.253744453191757202e-02,-2.242916524410247803e-01,5.194413661956787109e-01,-2.242916524410247803e-01,-7.253744453191757202e-02,5.056978389620780945e-02,-1.863457262516021729e-02,1.345919165760278702e-02
-3.307788610458374023e+00
2.033153921365737915e-02,-2.867837809026241302e-02,5.511587858200073242e-02,-1.500994563102722168e-01,3.333273828029632568e-01,5.600641369819641113e-01,3.333273828029632568e-01,-1.500994563102722168e-01,5.511587858200073242e-02,-2.867837809026241302e-02,2.033153921365737915e-02
9.239761158823966980e-03,-9.778174571692943573e-03,3.029762953519821167e-02,-3.967159613966941833e-02,-2.429131269454956055e-01,5.155797004699707031e-01,-2.429131269454956055e-01,-3.967159613966941833e-02,3.029762953519821167e-02,-9.778174571692943573e-03,9.239761158823966980e-03
-3.847019672393798828e+00
1.890682242810726166e-02,-2.748040296137332916e-02,5.424920842051506042e-02,-1.345776468515396118e-01,2.909415960311889648e-01,6.189220547676086426e-01,2.909415960311889648e-01,-1.345776468515396118e-01,5.424920842051506042e-02,-2.748040296137332916e-02,1.890682242810726166e-02
2.802570117637515068e-03,-2.700293203815817833e-03,1.743985526263713837e-02,-1.603877730667591095e-02,-2.515418827533721924e-01,5.026479959487915039e-01,-2.515418827533721924e-01,-1.603877730667591095e-02,1.743985526263713837e-02,-2.700293203815817833e-03,2.802570117637515068e-03
-4.412577629089355469e+00
1.935558766126632690e-02,-2.414033003151416779e-02,5.141603574156761169e-02,-1.212414577603340149e-01,2.540743649005889893e-01,6.672464013099670410e-01,2.540743649005889893e-01,-1.212414577603340149e-01,5.141603574156761169e-02,-2.414033003151416779e-02,1.935558766126632690e-02
6.338637322187423706e-04,2.038541948422789574e-03,5.190683063119649887e-03,-1.507677952758967876e-03,-2.535837590694427490e-01,4.857925474643707275e-01,-2.535837590694427490e-01,-1.507677952758967876e-03,5.190683063119649887e-03,2.038541948422789574e-03,6.338637322187423706e-04
-5.003295421600341797e+00
-3.513935580849647522e-02,5.893406271934509277e-02,-7.675229758024215698e-02,-8.630877733230590820e-02,5.135412812232971191e-01,2.001571655273437500e-01,5.135412812232971191e-01,-8.630877733230590820e-02,-7.675229758024215698e-02,5.893406271934509277e-02,-3.513935580849647522e-02
1.394166331738233566e-02,-4.590467736124992371e-02,1.452970951795578003e-01,-3.236034810543060303e-01,4.500177502632141113e-02,3.446502685546875000e-01,4.500177502632141113e-02,-3.236034810543060303e-01,1.452970951795578003e-01,-4.590467736124992371e-02,1.394166331738233566e-02
-7.218760848045349121e-01
-1.462247595191001892e-02,1.189798414707183838e-01,-2.710872292518615723e-01,2.181538790464401245e-01,3.619516193866729736e-01,2.437160313129425049e-01,3.619516193866729736e-01,2.181538790464401245e-01,-2.710872292518615723e-01,1.189798414707183838e-01,-1.462247595191001892e-02
-8.187421411275863647e-02,7.289548218250274658e-02,2.981080859899520874e-02,-3.440397679805755615e-01,2.125536501407623291e-01,1.683465540409088135e-01,2.125536501407623291e-01,-3.440397679805755615e-01,2.981080859899520874e-02,7.289548218250274658e-02,-8.187421411275863647e-02
-1.063408255577087402e+00
-4.989781975746154785e-02,8.666940778493881226e-02,-1.354281306266784668e-01,-1.802050508558750153e-02,4.902643859386444092e-01,1.885778307914733887e-01,4.902643859386444092e-01,-1.802050508558750153e-02,-1.354281306266784668e-01,8.666940778493881226e-02,-4.989781975746154785e-02
-1.160396612249314785e-03,-2.664418146014213562e-02,1.400169581174850464e-01,-3.626533150672912598e-01,1.154880970716476440e-01,2.840246558189392090e-01,1.154880970716476440e-01,-3.626533150672912598e-01,1.400169581174850464e-01,-2.664418146014213562e-02,-1.160396612249314785e-03
-1.444933056831359863e+00
-1.961491629481315613e-02,3.281472995877265930e-02,-3.222318738698959351e-02,-1.314046829938888550e-01,5.179980397224426270e-01,2.322608679533004761e-01,5.179980397224426270e-01,-1.314046829938888550e-01,-3.222318738698959351e-02,3.281472995877265930e-02,-1.961491629481315613e-02
2.113215997815132141e-02,-5.343398079276084900e-02,1.347029358148574829e-01,-2.770933508872985840e-01,-2.174005471169948578e-02,4.003787040710449219e-01,-2.174005471169948578e-02,-2.770933508872985840e-01,1.347029358148574829e-01,-5.343398079276084900e-02,2.113215997815132141e-02
-1.862723350524902344e+00
5.011628381907939911e-04,-3.155897138640284538e-03,2.191169373691082001e-02,-1.677643805742263794e-01,4.893986880779266357e-01,3.186897635459899902e-01,4.893986880779266357e-01,-1.677643805742263794e-01,2.191169373691082001e-02,-3.155897138640284538e-03,5.011628381907939911e-04
1.893545687198638916e-02,-4.775743931531906128e-02,1.066728606820106506e-01,-1.870238631963729858e-01,-1.232793107628822327e-01,4.721267223358154297e-01,-1.232793107628822327e-01,-1.870238631963729858e-01,1.066728606820106506e-01,-4.775743931531906128e-02,1.893545687198638916e-02
-2.313916444778442383e+00
1.319376099854707718e-02,-1.850415579974651337e-02,4.488287121057510376e-02,-1.757517307996749878e-01,4.365614056587219238e-01,4.089871048927307129e-01,4.365614056587219238e-01,-1.757517307996749878e-01,4.488287121057510376e-02,-1.850415579974651337e-02,1.319376099854707718e-02
1.654003001749515533e-02,-3.569230809807777405e-02,7.214333117008209229e-02,-1.218412518501281738e-01,-1.860877424478530884e-01,5.103500485420227051e-01,-1.860877424478530884e-01,-1.218412518501281738e-01,7.214333117008209229e-02,-3.569230809807777405e-02,1.654003001749515533e-02
-2.796229600906372070e+00
1.841103099286556244e-02,-2.456227317452430725e-02,5.446963384747505188e-02,-1.658454835414886475e-01,3.827725350856781006e-01,4.909166693687438965e-01,3.827725350856781006e-01,-1.658454835414886475e-01,5.446963384747505188e-02,-2.456227317452430725e-02,1.841103099286556244e-02
1.094342861324548721e-02,-2.330735884606838226e-02,4.652708023786544800e-02,-7.418099790811538696e-02,-2.227928936481475830e-01,5.215747356414794922e-01,-2.227928936481475830e-01,-7.418099790811538696e-02,4.652708023786544800e-02,-2.330735884606838226e-02,1.094342861324548721e-02
-3.307788610458374023e+00
2.009129151701927185e-02,-2.604165673255920410e-02,5.638023838400840759e-02,-1.517733186483383179e-01,3.340302109718322754e-01,5.613379478454589844e-01,3.340302109718322754e-01,-1.517733186483383179e-01,5.638023838400840759e-02,-2.604165673255920410e-02,2.009129151701927185e-02
5.788872018456459045e-03,-1.360774505883455276e-02,2.849471010267734528e-02,-4.006253182888031006e-02,-2.415066361427307129e-01,5.170801281929016113e-01,-2.415066361427307129e-01,-4.006253182888031006e-02,2.849471010267734528e-02,-1.360774505883455276e-02,5.788872018456459045e-03
-3.847019672393798828e+00
2.066673338413238525e-02,-2.515816874802112579e-02,5.383704230189323425e-02,-1.370785683393478394e-01,2.919736206531524658e-01,6.208480000495910645e-01,2.919736206531524658e-01,-1.370785683393478394e-01,5.383704230189323425e-02,-2.515816874802112579e-02,2.066673338413238525e-02
4.174804780632257462e-03,-5.525404587388038635e-03,1.449768058955669403e-02,-1.652815192937850952e-02,-2.490396797657012939e-01,5.038677453994750977e-01,-2.490396797657012939e-01,-1.652815192937850952e-02,1.449768058955669403e-02,-5.525404587388038635e-03,4.174804780632257462e-03
-4.412577629089355469e+00
1.901324093341827393e-02,-2.349942922592163086e-02,5.087505280971527100e-02,-1.220411583781242371e-01,2.555879056453704834e-01,6.692754030227661133e-01,2.555879056453704834e-01,-1.220411583781242371e-01,5.087505280971527100e-02,-2.349942922592163086e-02,1.901324093341827393e-02
1.583892735652625561e-03,1.702532172203063965e-03,6.436571478843688965e-03,3.707971482072025537e-04,-2.510491907596588135e-01,4.855034649372100830e-01,-2.510491907596588135e-01,3.707971482072025537e-04,6.436571478843688965e-03,1.702532172203063965e-03,1.583892735652625561e-03
-5.003295421600341797e+00
-3.939188644289970398e-02,5.480789765715599060e-02,-7.998058944940567017e-02,-8.828724175691604614e-02,5.133699774742126465e-01,2.005035579204559326e-01,5.133699774742126465e-01,-8.828724175691604614e-02,-7.998058944940567017e-02,5.480789765715599060e-02,-3.939188644289970398e-02
1.784613542258739471e-02,-4.352974519133567810e-02,1.477225869894027710e-01,-3.214026391506195068e-01,4.740448296070098877e-02,3.450129926204681396e-01,4.740448296070098877e-02,-3.214026391506195068e-01,1.477225869894027710e-01,-4.352974519133567810e-02,1.784613542258739471e-02
-7.218760848045349121e-01
-1.817494072020053864e-02,1.238776743412017822e-01,-2.677573561668395996e-01,2.156817167997360229e-01,3.597962558269500732e-01,2.442633807659149170e-01,3.597962558269500732e-01,2.156817167997360229e-01,-2.677573561668395996e-01,1.238776743412017822e-01,-1.817494072020053864e-02
-7.607761770486831665e-02,7.507581263780593872e-02,2.630918659269809723e-02,-3.476104736328125000e-01,2.142430245876312256e-01,1.717157214879989624e-01,2.142430245876312256e-01,-3.476104736328125000e-01,2.630918659269809723e-02,7.507581263780593872e-02,-7.607761770486831665e-02
-1.063408255577087402e+00
-5.350368469953536987e-02,8.449162542819976807e-02,-1.369554400444030762e-01,-1.990680769085884094e-02,4.895758926868438721e-01,1.885834336280822754e-01,4.895758926868438721e-01,-1.990680769085884094e-02,-1.369554400444030762e-01,8.449162542819976807e-02,-5.350368469953536987e-02
3.019069088622927666e-03,-2.422864921391010284e-02,1.418855637311935425e-01,-3.609385490417480469e-01,1.180039122700691223e-01,2.847477495670318604e-01,1.180039122700691223e-01,-3.609385490417480469e-01,1.418855637311935425e-01,-2.422864921391010284e-02,3.019069088622927666e-03
-1.444933056831359863e+00
-2.011691965162754059e-02,3.213432431221008301e-02,-2.380833774805068970e-02,-1.206956356763839722e-01,5.221610069274902344e-01,2.315260469913482666e-01,5.221610069274902344e-01,-1.206956356763839722e-01,-2.380833774805068970e-02,3.213432431221008301e-02,-2.011691965162754059e-02
1.544824335724115372e-02,-5.612209811806678772e-02,1.391437351703643799e-01,-2.733832299709320068e-01,-2.622064761817455292e-02,3.921867907047271729e-01,-2.622064761817455292e-02,-2.733832299709320068e-01,1.391437351703643799e-01,-5.612209811806678772e-02,1.544824335724115372e-02
-1.862723350524902344e+00
-6.097824661992490292e-04,-1.483032363466918468e-03,2.141853235661983490e-02,-1.715807020664215088e-01,4.857008755207061768e-01,3.164432048797607422e-01,4.857008755207061768e-01,-1.715807020664215088e-01,2.141853235661983490e-02,-1.483032363466918468e-03,-6.097824661992490292e-04
2.419769391417503357e-02,-4.603522270917892456e-02,1.054964140057563782e-01,-1.873235106468200684e-01,-1.218096539378166199e-01,4.736884534358978271e-01,-1.218096539378166199e-01,-1.873235106468200684e-01,1.054964140057563782e-01,-4.603522270917892456e-02,2.419769391417503357e-02
-2.313916444778442383e+00
1.286924723535776138e-02,-1.710343174636363983e-02,4.621604084968566895e-02,-1.763454675674438477e-01,4.346274733543395996e-01,4.070356488227844238e-01,4.346274733543395996e-01,-1.763454675674438477e-01,4.621604084968566895e-02,-1.710343174636363983e-02,1.286924723535776138e-02
2.039024792611598969e-02,-3.406715020537376404e-02,7.263936102390289307e-02,-1.207140013575553894e-01,-1.854244768619537354e-01,5.092161893844604492e-01,-1.854244768619537354e-01,-1.207140013575553894e-01,7.263936102390289307e-02,-3.406715020537376404e-02,2.039024792611598969e-02
-2.796229600906372070e+00
1.704161986708641052e-02,-2.594598941504955292e-02,5.452601239085197449e-02,-1.651799976825714111e-01,3.820721507072448730e-01,4.893525838851928711e-01,3.820721507072448730e-01,-1.651799976825714111e-01,5.452601239085197449e-02,-2.594598941504955292e-02,1.704161986708641052e-02
1.378645561635494232e-02,-2.240031585097312927e-02,4.731955751776695251e-02,-7.163581997156143188e-02,-2.216518074274063110e-01,5.188531279563903809e-01,-2.216518074274063110e-01,-7.163581997156143188e-02,4.731955751776695251e-02,-2.240031585097312927e-02,1.378645561635494232e-02
-3.307788610458374023e+00
1.838578656315803528e-02,-2.838984690606594086e-02,5.592611432075500488e-02,-1.504893004894256592e-01,3.336596786975860596e-01,5.596453547477722168e-01,3.336596786975860596e-01,-1.504893004894256592e-01,5.592611432075500488e-02,-2.838984690606594086e-02,1.838578656315803528e-02
8.007202297449111938e-03,-1.224659476429224014e-02,2.941923588514328003e-02,-3.797917813062667847e-02,-2.407762110233306885e-01,5.136894583702087402e-01,-2.407762110233306885e-01,-3.797917813062667847e-02,2.941923588514328003e-02,-1.224659476429224014e-02,8.007202297449111938e-03
-3.847019672393798828e+00
1.747053302824497223e-02,-2.792323753237724304e-02,5.477593839168548584e-02,-1.344343423843383789e-01,2.908041477203369141e-01,6.176517605781555176e-01,2.908041477203369141e-01,-1.344343423843383789e-01,5.477593839168548584e-02,-2.792323753237724304e-02,1.747053302824497223e-02
2.414279384538531303e-03,-4.409695044159889221e-03,1.589286327362060547e-02,-1.619127765297889709e-02,-2.511290907859802246e-01,5.000898838043212891e-01,-2.511290907859802246e-01,-1.619127765297889709e-02,1.589286327362060547e-02,-4.409695044159889221e-03,2.414279384538531303e-03
-4.412577629089355469e+00
1.819790340960025787e-02,-2.455969899892807007e-02,5.167364329099655151e-02,-1.203829795122146606e-01,2.549431025981903076e-01,6.670278310775756836e-01,2.549431025981903076e-01,-1.203829795122146606e-01,5.167364329099655151e-02,-2.455969899892807007e-02,1.819790340960025787e-02
-7.274051895365118980e-04,2.247728116344660521e-04,3.679635934531688690e-03,-1.644573290832340717e-03,-2.536901533603668213e-01,4.831384718418121338e-01,-2.536901533603668213e-01,-1.644573290832340717e-03,3.679635934531688690e-03,2.247728116344660521e-04,-7.274051895365118980e-04
-5.003295421600341797e+00
-3.900964930653572083e-02,5.444731190800666809e-02,-7.998351007699966431e-02,-8.765622228384017944e-02,5.133615136146545410e-01,2.000322937965393066e-01,5.133615136146545410e-01,-8.765622228384017944e-02,-7.998351007699966431e-02,5.444731190800666809e-02,-3.900964930653572083e-02
1.311717741191387177e-02,-4.587083682417869568e-02,1.457917392253875732e-01,-3.230410814285278320e-01,4.556613042950630188e-02,3.438138067722320557e-01,4.556613042950630188e-02,-3.230410814285278320e-01,1.457917392253875732e-01,-4.587083682417869568e-02,1.311717741191387177e-02
-7.218760848045349121e-01
-1.870337314903736115e-02,1.222752556204795837e-01,-2.707386314868927002e-01,2.137036025524139404e-01,3.610306978225708008e-01,2.465386241674423218e-01,3.610306978225708008e-01,2.137036025524139404e-01,-2.707386314868927002e-01,1.222752556204795837e-01,-1.870337314903736115e-02
-8.022201806306838989e-02,7.386416941881179810e-02,2.716618776321411133e-02,-3.457108139991760254e-01,2.161360383033752441e-01,1.717345118522644043e-01,2.161360383033752441e-01,-3.457108139991760254e-01,2.716618776321411133e-02,7.386416941881179810e-02,-8.022201806306838989e-02
-1.063408255577087402e+00
-4.634811729192733765e-02,8.922667801380157471e-02,-1.282916367053985596e-01,-1.101111620664596558e-02,4.919580519199371338e-01,1.870881766080856323e-01,4.919580519199371338e-01,-1.101111620664596558e-02,-1.282916367053985596e-01,8.922667801380157471e-02,-4.634811729192733765e-02
-6.921825930476188660e-03,-2.915356121957302094e-02,1.402232646942138672e-01,-3.633704781532287598e-01,1.093398407101631165e-01,2.778805792331695557e-01,1.093398407101631165e-01,-3.633704781532287598e-01,1.402232646942138672e-01,-2.915356121957302094e-02,-6.921825930476188660e-03
-1.444933056831359863e+00
-2.086439915001392365e-02,3.057403862476348877e-02,-3.263747692108154297e-02,-1.302742958068847656e-01,5.184851288795471191e-01,2.317032814025878906e-01,5.184851288795471191e-01,-1.302742958068847656e-01,-3.263747692108154297e-02,3.057403862476348877e-02,-2.086439915001392365e-02
1.980959624052047729e-02,-5.290875956416130066e-02,1.365683972835540771e-01,-2.752934992313385010e-01,-2.209707535803318024e-02,3.972216248512268066e-01,-2.209707535803318024e-02,-2.752934992313385010e-01,1.365683972835540771e-01,-5.290875956416130066e-02,1.980959624052047729e-02
-1.862723350524902344e+00
7.275659008882939816e-04,-2.765414770692586899e-03,2.031376957893371582e-02,-1.710456013679504395e-01,4.862692952156066895e-01,3.163962066173553467e-01,4.862692952156066895e-01,-1.710456013679504395e-01,2.031376957893371582e-02,-2.765414770692586899e-03,7.275659008882939816e-04
2.438789792358875275e-02,-4.670432209968566895e-02,1.027998030185699463e-01,-1.892396211624145508e-01,-1.232111901044845581e-01,4.719114005565643311e-01,-1.232111901044845581e-01,-1.892396211624145508e-01,1.027998030185699463e-01,-4.670432209968566895e-02,2.438789792358875275e-02
-2.313916444778442383e+00
1.345198228955268860e-02,-1.714275218546390533e-02,4.604338854551315308e-02,-1.760897040367126465e-01,4.342857003211975098e-01,4.063624143600463867e-01,4.342857003211975098e-01,-1.760897040367126465e-01,4.604338854551315308e-02,-1.714275218546390533e-02,1.345198228955268860e-02
2.073560841381549835e-02,-3.382117673754692078e-02,7.042378932237625122e-02,-1.232045590877532959e-01,-1.872773617506027222e-01,5.086416602134704590e-01,-1.872773617506027222e-01,-1.232045590877532959e-01,7.042378932237625122e-02,-3.382117673754692078e-02,2.073560841381549835e-02
-2.796229600906372070e+00
1.829835213720798492e-02,-2.585022710263729095e-02,5.408399552106857300e-02,-1.652036309242248535e-01,3.818045556545257568e-01,4.887452721595764160e-01,3.818045556545257568e-01,-1.652036309242248535e-01,5.408399552106857300e-02,-2.585022710263729095e-02,1.829835213720798492e-02
1.556666847318410873e-02,-2.210783213376998901e-02,4.428241401910781860e-02,-7.446239888668060303e-02,-2.236582040786743164e-01,5.183072090148925781e-01,-2.236582040786743164e-01,-7.446239888668060303e-02,4.428241401910781860e-02,-2.210783213376998901e-02,1.556666847318410873e-02
-3.307788610458374023e+00
1.996193639934062958e-02,-2.874730154871940613e-02,5.504750087857246399e-02,-1.506113559007644653e-01,3.334386348724365234e-01,5.589805841445922852e-01,3.334386348724365234e-01,-1.506113559007644653e-01,5.504750087857246399e-02,-2.874730154871940613e-02,1.996193639934062958e-02
1.038749236613512039e-02,-1.145937200635671616e-02,2.712330035865306854e-02,-4.045662656426429749e-02,-2.426312863826751709e-01,5.131579637527465820e-01,-2.426312863826751709e-01,-4.045662656426429749e-02,2.712330035865306854e-02,-1.145937200635671616e-02,1.038749236613512039e-02
-3.847019672393798828e+00
1.951317302882671356e-02,-2.838257700204849243e-02,5.356080085039138794e-02,-1.344448179006576538e-01,2.917166352272033691e-01,6.181529760360717773e-01,2.917166352272033691e-01,-1.344448179006576538e-01,5.356080085039138794e-02,-2.838257700204849243e-02,1.951317302882671356e-02
3.983397502452135086e-03,-3.976412117481231689e-03,1.472428254783153534e-02,-1.723429188132286072e-02,-2.522923946380615234e-01,4.986630082130432129e-01,-2.522923946380615234e-01,-1.723429188132286072e-02,1.472428254783153534e-02,-3.976412117481231689e-03,3.983397502452135086e-03
-4.412577629089355469e+00
1.967166364192962646e-02,-2.635567262768745422e-02,4.997717216610908508e-02,-1.203004419803619385e-01,2.551860511302947998e-01,6.667547821998596191e-01,2.551860511302947998e-01,-1.203004419803619385e-01,4.997717216610908508e-02,-2.635567262768745422e-02,1.967166364192962646e-02
-2.329832786926999688e-04,2.039928920567035675e-03,5.426921416074037552e-03,-1.515780342742800713e-03,-2.542683482170104980e-01,4.827170670032501221e-01,-2.542683482170104980e-01,-1.515780342742800713e-03,5.426921416074037552e-03,2.039928920567035675e-03,-2.329832786926999688e-04
-5.003295421600341797e+00
-3.467510640621185303e-02,5.545906350016593933e-02,-7.996071130037307739e-02,-8.701813966035842896e-02,5.142015218734741211e-01,2.003624886274337769e-01,5.142015218734741211e-01,-8.701813966035842896e-02,-7.996071130037307739e-02,5.545906350016593933e-02,-3.467510640621185303e-02
1.388783846050500870e-02,-4.601987078785896301e-02,1.458383351564407349e-01,-3.223279714584350586e-01,4.589014500379562378e-02,3.428106904029846191e-01,4.589014500379562378e-02,-3.223279714584350586e-01,1.458383351564407349e-01,-4.601987078785896301e-02,1.388783846050500870e-02
-7.218760848045349121e-01
-1.696650125086307526e-02,1.212130710482597351e-01,-2.714247107505798340e-01,2.141661792993545532e-01,3.611311316490173340e-01,2.462238371372222900e-01,3.611311316490173340e-01,2.141661792993545532e-01,-2.714247107505798340e-01,1.212130710482597351e-01,-1.696650125086307526e-02
-7.933164387941360474e-02,7.387966662645339966e-02,2.703327685594558716e-02,-3.449405431747436523e-01,2.157658338546752930e-01,1.702425777912139893e-01,2.157658338546752930e-01,-3.449405431747436523e-01,2.703327685594558716e-02,7.387966662645339966e-02,-7.933164387941360474e-02
-1.063408255577087402e+00
-4.938722774386405945e-02,7.979838550090789795e-02,-1.403596848249435425e-01,-1.708797551691532135e-02,4.918595850467681885e-01,1.886923313140869141e-01,4.918595850467681885e-01,-1.708797551691532135e-02,-1.403596848249435425e-01,7.979838550090789795e-02,-4.938722774386405945e-02
-3.717919578775763512e-03,-2.692319080233573914e-02,1.435092091560363770e-01,-3.591981828212738037e-01,1.156965792179107666e-01,2.801155447959899902e-01,1.156965792179107666e-01,-3.591981828212738037e-01,1.435092091560363770e-01,-2.692319080233573914e-02,-3.717919578775763512e-03
-1.444933056831359863e+00
-1.987933181226253510e-02,2.870817296206951141e-02,-3.193912655115127563e-02,-1.266697347164154053e-01,5.207142233848571777e-01,2.317842394113540649e-01,5.207142233848571777e-01,-1.266697347164154053e-01,-3.193912655115127563e-02,2.870817296206951141e-02,-1.987933181226253510e-02
1.748340390622615814e-02,-5.282238498330116272e-02,1.394475102424621582e-01,-2.737007439136505127e-01,-2.370141260325908661e-02,3.941510319709777832e-01,-2.370141260325908661e-02,-2.737007439136505127e-01,1.394475102424621582e-01,-5.282238498330116272e-02,1.748340390622615814e-02
-1.862723350524902344e+00
2.486972138285636902e-03,-2.383316867053508759e-03,2.110115066170692444e-02,-1.696242690086364746e-01,4.869404435157775879e-01,3.161513805389404297e-01,4.869404435157775879e-01,-1.696242690086364746e-01,2.110115066170692444e-02,-2.383316867053508759e-03,2.486972138285636902e-03
2.170297503471374512e-02,-4.708263278007507324e-02,1.045383885502815247e-01,-1.887342631816864014e-01,-1.237064301967620850e-01,4.713962972164154053e-01,-1.237064301967620850e-01,-1.887342631816864014e-01,1.045383885502815247e-01,-4.708263278007507324e-02,2.170297503471374512e-02
-2.313916444778442383e+00
1.639077439904212952e-02,-1.747415959835052490e-02,4.623542353510856628e-02,-1.743680387735366821e-01,4.358448684215545654e-01,4.067196846008300781e-01,4.358448684215545654e-01,-1.743680387735366821e-01,4.623542353510856628e-02,-1.747415959835052490e-02,1.639077439904212952e-02
1.802888140082359314e-02,-3.404365107417106628e-02,7.230304181575775146e-02,-1.221853792667388916e-01,-1.876024007797241211e-01,5.076195001602172852e-01,-1.876024007797241211e-01,-1.221853792667388916e-01,7.230304181575775146e-02,-3.404365107417106628e-02,1.802888140082359314e-02
-2.796229600906372070e+00
2.226899005472660065e-02,-2.496976964175701141e-02,5.466662347316741943e-02,-1.640655547380447388e-01,3.829792141914367676e-01,4.891977012157440186e-01,3.829792141914367676e-01,-1.640655547380447388e-01,5.466662347316741943e-02,-2.496976964175701141e-02,2.226899005472660065e-02
1.368965301662683487e-02,-2.121884189546108246e-02,4.647421091794967651e-02,-7.422673702239990234e-02,-2.242558002471923828e-01,5.181735754013061523e-01,-2.242558002471923828e-01,-7.422673702239990234e-02,4.647421091794967651e-02,-2.121884189546108246e-02,1.368965301662683487e-02
-3.307788610458374023e+00
2.326980419456958771e-02,-2.765724249184131622e-02,5.609163269400596619e-02,-1.492647528648376465e-01,3.349117636680603027e-01,5.598137378692626953e-01,3.349117636680603027e-01,-1.492647528648376465e-01,5.609163269400596619e-02,-2.765724249184131622e-02,2.326980419456958771e-02
7.529803086072206497e-03,-1.084405183792114258e-02,2.877021022140979767e-02,-4.054082185029983521e-02,-2.439111918210983276e-01,5.131889581680297852e-01,-2.439111918210983276e-01,-4.054082185029983521e-02,2.877021022140979767e-02,-1.084405183792114258e-02,7.529803086072206497e-03
-3.847019672393798828e+00
3.457847196841612458e-05,-2.848294004797935486e-02,5.467127263545989990e-02,-1.347048878669738770e-01,2.929140329360961914e-01,6.197513937950134277e-01,2.929140329360961914e-01,-1.347048878669738770e-01,5.467127263545989990e-02,-2.848294004797935486e-02,3.457847196841612458e-05
-7.040173280984163284e-03,-9.408814832568168640e-03,1.843236759305000305e-02,-1.137640420347452164e-02,-2.463241815567016602e-01,5.010242462158203125e-01,-2.463241815567016602e-01,-1.137640420347452164e-02,1.843236759305000305e-02,-9.408814832568168640e-03,-7.040173280984163284e-03
-4.412577629089355469e+00
2.296156436204910278e-02,-2.624770440161228180e-02,4.908963665366172791e-02,-1.206071823835372925e-01,2.569278776645660400e-01,6.685996651649475098e-01,2.569278776645660400e-01,-1.206071823835372925e-01,4.908963665366172791e-02,-2.624770440161228180e-02,2.296156436204910278e-02
2.459185430780053139e-03,4.205486271530389786e-03,5.637205205857753754e-03,-1.989438664168119431e-03,-2.540888786315917969e-01,4.837628006935119629e-01,-2.540888786315917969e-01,-1.989438664168119431e-03,5.637205205857753754e-03,4.205486271530389786e-03,2.459185430780053139e-03
-5.003295421600341797e+00
-3.155641630291938782e-02,5.687130615115165710e-02,-7.945543527603149414e-02,-8.706364035606384277e-02,5.158836245536804199e-01,2.025089412927627563e-01,5.158836245536804199e-01,-8.706364035606384277e-02,-7.945543527603149414e-02,5.687130615115165710e-02,-3.155641630291938782e-02
1.614308543503284454e-02,-4.440022259950637817e-02,1.454984992742538452e-01,-3.225870728492736816e-01,4.762176051735877991e-02,3.454213440418243408e-01,4.762176051735877991e-02,-3.225870728492736816e-01,1.454984992742538452e-01,-4.440022259950637817e-02,1.614308543503284454e-02
-7.218760848045349121e-01
-1.474955677986145020e-02,1.150378882884979248e-01,-2.759597301483154297e-01,2.159188687801361084e-01,3.653988242149353027e-01,2.489299923181533813e-01,3.653988242149353027e-01,2.159188687801361084e-01,-2.759597301483154297e-01,1.150378882884979248e-01,-1.474955677986145020e-02
-8.325314521789550781e-02,7.301770150661468506e-02,3.243218734860420227e-02,-3.402731716632843018e-01,2.154009342193603516e-01,1.675656288862228394e-01,2.154009342193603516e-01,-3.402731716632843018e-01,3.243218734860420227e-02,7.301770150661468506e-02,-8.325314521789550781e-02
-1.063408255577087402e+00
-4.514506086707115173e-02,8.752758055925369263e-02,-1.282295882701873779e-01,-9.056797251105308533e-03,4.936760365962982178e-01,1.878746598958969116e-01,4.936760365962982178e-01,-9.056797251105308533e-03,-1.282295882701873779e-01,8.752758055925369263e-02,-4.514506086707115173e-02
-5.320427007973194122e-03,-2.797717973589897156e-02,1.408568918704986572e-01,-3.630377650260925293e-01,1.082774028182029724e-01,2.767916023731231689e-01,1.082774028182029724e-01,-3.630377650260925293e-01,1.408568918704986572e-01,-2.797717973589897156e-02,-5.320427007973194122e-03
-1.444933056831359863e+00
-1.736919954419136047e-02,3.119713254272937775e-02,-3.406337276101112366e-02,-1.323325484991073608e-01,5.176167488098144531e-01,2.316928505897521973e-01,5.176167488098144531e-01,-1.323325484991073608e-01,-3.406337276101112366e-02,3.119713254272937775e-02,-1.736919954419136047e-02
2.348371222615242004e-02,-5.198615044355392456e-02,1.355082392692565918e-01,-2.757462263107299805e-01,-2.053768932819366455e-02,3.990835547447204590e-01,-2.053768932819366455e-02,-2.757462263107299805e-01,1.355082392692565918e-01,-5.198615044355392456e-02,2.348371222615242004e-02
-1.862723350524902344e+00
4.990091081708669662e-03,-1.819201745092868805e-03,2.044257149100303650e-02,-1.710235774517059326e-01,4.860158860683441162e-01,3.159327507019042969e-01,4.860158860683441162e-01,-1.710235774517059326e-01,2.044257149100303650e-02,-1.819201745092868805e-03,4.990091081708669662e-03
2.532681077718734741e-02,-4.681467637419700623e-02,1.021062135696411133e-01,-1.900893449783325195e-01,-1.235658749938011169e-01,4.723711311817169189e-01,-1.235658749938011169e-01,-1.900893449783325195e-01,1.021062135696411133e-01,-4.681467637419700623e-02,2.532681077718734741e-02
-2.313916444778442383e+00
1.744111254811286926e-02,-1.756819710135459900e-02,4.528420045971870422e-02,-1.753761321306228638e-01,4.354966878890991211e-01,4.068952202796936035e-01,4.354966878890991211e-01,-1.753761321306228638e-01,4.528420045971870422e-02,-1.756819710135459900e-02,1.744111254811286926e-02
2.079038880765438080e-02,-3.445647656917572021e-02,6.964215636253356934e-02,-1.236154437065124512e-01,-1.875523477792739868e-01,5.084403157234191895e-01,-1.875523477792739868e-01,-1.236154437065124512e-01,6.964215636253356934e-02,-3.445647656917572021e-02,2.079038880765438080e-02
-2.796229600906372070e+00
1.876446418464183807e-02,-2.674949541687965393e-02,5.325556918978691101e-02,-1.640299409627914429e-01,3.848040997982025146e-01,4.910585284233093262e-01,3.848040997982025146e-01,-1.640299409627914429e-01,5.325556918978691101e-02,-2.674949541687965393e-02,1.876446418464183807e-02
1.777205057442188263e-02,-2.069088444113731384e-02,4.887507855892181396e-02,-7.058922201395034790e-02,-2.210510224103927612e-01,5.175611376762390137e-01,-2.210510224103927612e-01,-7.058922201395034790e-02,4.887507855892181396e-02,-2.069088444113731384e-02,1.777205057442188263e-02
-3.307788610458374023e+00
2.272607572376728058e-02,-2.714127115905284882e-02,5.584980919957160950e-02,-1.502164006233215332e-01,3.346250355243682861e-01,5.601811408996582031e-01,3.346250355243682861e-01,-1.502164006233215332e-01,5.584980919957160950e-02,-2.714127115905284882e-02,2.272607572376728058e-02
8.542701601982116699e-03,-1.295985467731952667e-02,2.710766904056072235e-02,-3.958841413259506226e-02,-2.419661879539489746e-01,5.137644410133361816e-01,-2.419661879539489746e-01,-3.958841413259506226e-02,2.710766904056072235e-02,-1.295985467731952667e-02,8.542701601982116699e-03
-3.847019672393798828e+00
2.181902341544628143e-02,-2.747387066483497620e-02,5.308474227786064148e-02,-1.351756155490875244e-01,2.919132113456726074e-01,6.185901165008544922e-01,2.919132113456726074e-01,-1.351756155490875244e-01,5.308474227786064148e-02,-2.747387066483497620e-02,2.181902341544628143e-02
4.426747094839811325e-03,-5.012304056435823441e-03,1.455699466168880463e-02,-1.543716620653867722e-02,-2.495148628950119019e-01,4.999698102474212646e-01,-2.495148628950119019e-01,-1.543716620653867722e-02,1.455699466168880463e-02,-5.012304056435823441e-03,4.426747094839811325e-03
-4.412577629089355469e+00
1.918727345764636993e-02,-2.592946402728557587e-02,5.082589387893676758e-02,-1.195245012640953064e-01,2.551614642143249512e-01,6.663333177566528320e-01,2.551614642143249512e-01,-1.195245012640953064e-01,5.082589387893676758e-02,-2.592946402728557587e-02,1.918727345764636993e-02
-9.407202742295339704e-05,1.234218128956854343e-03,5.194020457565784454e-03,-5.727186799049377441e-04,-2.532256245613098145e-01,4.811276495456695557e-01,-2.532256245613098145e-01,-5.727186799049377441e-04,5.194020457565784454e-03,1.234218128956854343e-03,-9.407202742295339704e-05
-5.003295421600341797e+00
-3.774600476026535034e-02,5.399884656071662903e-02,-7.901091873645782471e-02,-8.503415435552597046e-02,5.141711235046386719e-01,1.991322934627532959e-01,5.141711235046386719e-01,-8.503415435552597046e-02,-7.901091873645782471e-02,5.399884656071662903e-02,-3.774600476026535034e-02
1.295838505029678345e-02,-4.609455540776252747e-02,1.467743664979934692e-01,-3.209235072135925293e-01,4.454774037003517151e-02,3.397184610366821289e-01,4.454774037003517151e-02,-3.209235072135925293e-01,1.467743664979934692e-01,-4.609455540776252747e-02,1.295838505029678345e-02
-7.218760848045349121e-01
-1.933725178241729736e-02,1.192025691270828247e-01,-2.703810930252075195e-01,2.172650694847106934e-01,3.617695271968841553e-01,2.448721230030059814e-01,3.617695271968841553e-01,2.172650694847106934e-01,-2.703810930252075195e-01,1.192025691270828247e-01,-1.933725178241729736e-02
-8.134806156158447266e-02,7.289834320545196533e-02,2.978991344571113586e-02,-3.420566320419311523e-01,2.151940166950225830e-01,1.676765680313110352e-01,2.151940166950225830e-01,-3.420566320419311523e-01,2.978991344571113586e-02,7.289834320545196533e-02,-8.134806156158447266e-02
-1.063408255577087402e+00
-5.115773156285285950e-02,8.666978031396865845e-02,-1.338569372892379761e-01,-1.685591600835323334e-02,4.895212054252624512e-01,1.868673563003540039e-01,4.895212054252624512e-01,-1.685591600835323334e-02,-1.338569372892379761e-01,8.666978031396865845e-02,-5.115773156285285950e-02
-1.962905516847968102e-03,-2.697291970252990723e-02,1.402833759784698486e-01,-3.611376285552978516e-01,1.150959655642509460e-01,2.800763249397277832e-01,1.150959655642509460e-01,-3.611376285552978516e-01,1.402833759784698486e-01,-2.697291970252990723e-02,-1.962905516847968102e-03
-1.444933056831359863e+00
-2.314198017120361328e-02,3.114983066916465759e-02,-3.114247880876064301e-02,-1.297779381275177002e-01,5.166794657707214355e-01,2.292983978986740112e-01,5.166794657707214355e-01,-1.297779381275177002e-01,-3.114247880876064301e-02,3.114983066916465759e-02,-2.314198017120361328e-02
2.203659713268280029e-02,-5.195520073175430298e-02,1.358558088541030884e-01,-2.758903801441192627e-01,-2.341767400503158569e-02,3.952600061893463135e-01,-2.341767400503158569e-02,-2.758903801441192627e-01,1.358558088541030884e-01,-5.195520073175430298e-02,2.203659713268280029e-02
-1.862723350524902344e+00
-2.002487890422344208e-03,-3.593664150685071945e-03,2.216114290058612823e-02,-1.683549731969833374e-01,4.858086407184600830e-01,3.142396807670593262e-01,4.858086407184600830e-01,-1.683549731969833374e-01,2.216114290058612823e-02,-3.593664150685071945e-03,-2.002487890422344208e-03
2.279561944305896759e-02,-4.596560075879096985e-02,1.045398488640785217e-01,-1.889302879571914673e-01,-1.255190968513488770e-01,4.690785408020019531e-01,-1.255190968513488770e-01,-1.889302879571914673e-01,1.045398488640785217e-01,-4.596560075879096985e-02,2.279561944305896759e-02
-2.313916444778442383e+00
1.245748903602361679e-02,-1.790319941937923431e-02,4.711605608463287354e-02,-1.734875887632369995e-01,4.352053701877593994e-01,4.056594073772430420e-01,4.352053701877593994e-01,-1.734875887632369995e-01,4.711605608463287354e-02,-1.790319941937923431e-02,1.245748903602361679e-02
1.970265060663223267e-02,-3.332770243287086487e-02,7.135646045207977295e-02,-1.229510009288787842e-01,-1.889607012271881104e-01,5.060485005378723145e-01,-1.889607012271881104e-01,-1.229510009288787842e-01,7.135646045207977295e-02,-3.332770243287086487e-02,1.970265060663223267e-02
-2.796229600906372070e+00
1.863902434706687927e-02,-2.477393858134746552e-02,5.480617284774780273e-02,-1.640910804271697998e-01,3.831238150596618652e-01,4.895170927047729492e-01,3.831238150596618652e-01,-1.640910804271697998e-01,5.480617284774780273e-02,-2.477393858134746552e-02,1.863902434706687927e-02
1.415506284683942795e-02,-2.152710221707820892e-02,4.598563909530639648e-02,-7.352850586175918579e-02,-2.234382778406143188e-01,5.178613662719726562e-01,-2.234382778406143188e-01,-7.352850586175918579e-02,4.598563909530639648e-02,-2.152710221707820892e-02,1.415506284683942795e-02
-3.307788610458374023e+00
2.039052918553352356e-02,-2.704382874071598053e-02,5.486476793885231018e-02,-1.511781215667724609e-01,3.342111706733703613e-01,5.603019595146179199e-01,3.342111706733703613e-01,-1.511781215667724609e-01,5.486476793885231018e-02,-2.704382874071598053e-02,2.039052918553352356e-02
8.615556173026561737e-03,-1.109694037586450577e-02,2.856550551950931549e-02,-3.910011798143386841e-02,-2.415007203817367554e-01,5.142304897308349609e-01,-2.415007203817367554e-01,-3.910011798143386841e-02,2.856550551950931549e-02,-1.109694037586450577e-02,8.615556173026561737e-03
-3.847019672393798828e+00
2.022503316402435303e-02,-2.533754520118236542e-02,5.427790805697441101e-02,-1.360569745302200317e-01,2.907070815563201904e-01,6.182622313499450684e-01,2.907070815563201904e-01,-1.360569745302200317e-01,5.427790805697441101e-02,-2.533754520118236542e-02,2.022503316402435303e-02
3.304535523056983948e-03,-3.735512727871537209e-03,1.469296403229236603e-02,-1.717599108815193176e-02,-2.513383328914642334e-01,5.016787052154541016e-01,-2.513383328914642334e-01,-1.717599108815193176e-02,1.469296403229236603e-02,-3.735512727871537209e-03,3.304535523056983948e-03
-4.412577629089355469e+00
2.011191286146640778e-02,-2.463262900710105896e-02,4.735182598233222961e-02,-1.242699399590492249e-01,2.539885640144348145e-01,6.675873398780822754e-01,2.539885640144348145e-01,-1.242699399590492249e-01,4.735182598233222961e-02,-2.463262900710105896e-02,2.011191286146640778e-02
1.768412766978144646e-03,2.816696418449282646e-03,6.040615495294332504e-03,6.865826435387134552e-04,-2.505121231079101562e-01,4.852023422718048096e-01,-2.505121231079101562e-01,6.865826435387134552e-04,6.040615495294332504e-03,2.816696418449282646e-03,1.768412766978144646e-03
-5.003295421600341797e+00
-3.943854570388793945e-02,5.345008894801139832e-02,-8.095612376928329468e-02,-8.765272796154022217e-02,5.129254460334777832e-01,1.992768049240112305e-01,5.129254460334777832e-01,-8.765272796154022217e-02,-8.095612376928329468e-02,5.345008894801139832e-02,-3.943854570388793945e-02
1.414674706757068634e-02,-4.442678019404411316e-02,1.466133147478103638e-01,-3.218435645103454590e-01,4.573692381381988525e-02,3.424429893493652344e-01,4.573692381381988525e-02,-3.218435645103454590e-01,1.466133147478103638e-01,-4.442678019404411316e-02,1.414674706757068634e-02
-7.218760848045349121e-01
-1.939089410006999969e-02,1.197005882859230042e-01,-2.711682915687561035e-01,2.162340432405471802e-01,3.619247972965240479e-01,2.457599341869354248e-01,3.619247972965240479e-01,2.162340432405471802e-01,-2.711682915687561035e-01,1.197005882859230042e-01,-1.939089410006999969e-02
-8.237782120704650879e-02,7.355568557977676392e-02,3.017811663448810577e-02,-3.429628312587738037e-01,2.137185782194137573e-01,1.676865518093109131e-01,2.137185782194137573e-01,-3.429628312587738037e-01,3.017811663448810577e-02,7.355568557977676392e-02,-8.237782120704650879e-02
-1.063408255577087402e+00
-5.449148267507553101e-02,8.580903708934783936e-02,-1.355885565280914307e-01,-1.943240687251091003e-02,4.884234964847564697e-01,1.872115731239318848e-01,4.884234964847564697e-01,-1.943240687251091003e-02,-1.355885565280914307e-01,8.580903708934783936e-02,-5.449148267507553101e-02
1.118577551096677780e-03,-2.460220083594322205e-02,1.392141580581665039e-01,-3.635246157646179199e-01,1.154300197958946228e-01,2.827998399734497070e-01,1.154300197958946228e-01,-3.635246157646179199e-01,1.392141580581665039e-01,-2.460220083594322205e-02,1.118577551096677780e-03
-1.444933056831359863e+00
-2.241517417132854462e-02,3.101457282900810242e-02,-3.160256892442703247e-02,-1.293144226074218750e-01,5.189582705497741699e-01,2.317455112934112549e-01,5.189582705497741699e-01,-1.293144226074218750e-01,-3.160256892442703247e-02,3.101457282900810242e-02,-2.241517417132854462e-02
2.127346396446228027e-02,-5.209939926862716675e-02,1.354042887687683105e-01,-2.766092419624328613e-01,-2.376569621264934540e-02,3.963345289230346680e-01,-2.376569621264934540e-02,-2.766092419624328613e-01,1.354042887687683105e-01,-5.209939926862716675e-02,2.127346396446228027e-02
-1.862723350524902344e+00
2.005887217819690704e-04,9.690877050161361694e-04,2.666466124355792999e-02,-1.653562635183334351e-01,4.902939200401306152e-01,3.183403611183166504e-01,4.902939200401306152e-01,-1.653562635183334351e-01,2.666466124355792999e-02,9.690877050161361694e-04,2.005887217819690704e-04
1.909125596284866333e-02,-4.887993261218070984e-02,1.041786596179008484e-01,-1.877303272485733032e-01,-1.241537332534790039e-01,4.697617292404174805e-01,-1.241537332534790039e-01,-1.877303272485733032e-01,1.041786596179008484e-01,-4.887993261218070984e-02,1.909125596284866333e-02
-2.313916444778442383e+00
1.317194942384958267e-02,-1.636673696339130402e-02,4.553760215640068054e-02,-1.763618290424346924e-01,4.360082149505615234e-01,4.082890748977661133e-01,4.360082149505615234e-01,-1.763618290424346924e-01,4.553760215640068054e-02,-1.636673696339130402e-02,1.317194942384958267e-02
1.857768557965755463e-02,-3.474737331271171570e-02,7.059459388256072998e-02,-1.222866773605346680e-01,-1.862877458333969116e-01,5.095882415771484375e-01,-1.862877458333969116e-01,-1.222866773605346680e-01,7.059459388256072998e-02,-3.474737331271171570e-02,1.857768557965755463e-02
-2.796229600906372070e+00
2.030602656304836273e-02,-2.349234744906425476e-02,5.319549515843391418e-02,-1.666964590549468994e-01,3.832832872867584229e-01,4.911650717258453369e-01,3.832832872867584229e-01,-1.666964590549468994e-01,5.319549515843391418e-02,-2.349234744906425476e-02,2.030602656304836273e-02
1.471291854977607727e-02,-2.321531251072883606e-02,4.362022876739501953e-02,-7.339217513799667358e-02,-2.210675030946731567e-01,5.207780599594116211e-01,-2.210675030946731567e-01,-7.339217513799667358e-02,4.362022876739501953e-02,-2.321531251072883606e-02,1.471291854977607727e-02
-3.307788610458374023e+00
2.134805358946323395e-02,-2.579886093735694885e-02,5.500443279743194580e-02,-1.520727276802062988e-01,3.340460956096649170e-01,5.606514215469360352e-01,3.340460956096649170e-01,-1.520727276802062988e-01,5.500443279743194580e-02,-2.579886093735694885e-02,2.134805358946323395e-02
7.806876674294471741e-03,-1.253838744014501572e-02,2.726990729570388794e-02,-3.919140994548797607e-02,-2.407942414283752441e-01,5.155129432678222656e-01,-2.407942414283752441e-01,-3.919140994548797607e-02,2.726990729570388794e-02,-1.253838744014501572e-02,7.806876674294471741e-03
-3.847019672393798828e+00
2.001293189823627472e-02,-2.582472376525402069e-02,5.342797562479972839e-02,-1.361633837223052979e-01,2.914313971996307373e-01,6.188524961471557617e-01,2.914313971996307373e-01,-1.361633837223052979e-01,5.342797562479972839e-02,-2.582472376525402069e-02,2.001293189823627472e-02
1.534076756797730923e-03,-4.761779215186834335e-03,1.501774135977029800e-02,-1.585421897470951080e-02,-2.498850673437118530e-01,5.019983053207397461e-01,-2.498850673437118530e-01,-1.585421897470951080e-02,1.501774135977029800e-02,-4.761779215186834335e-03,1.534076756797730923e-03
-4.412577629089355469e+00
1.945107430219650269e-02,-2.401442453265190125e-02,4.965247958898544312e-02,-1.218097135424613953e-01,2.554982900619506836e-01,6.679646968841552734e-01,2.554982900619506836e-01,-1.218097135424613953e-01,4.965247958898544312e-02,-2.401442453265190125e-02,1.945107430219650269e-02
-1.863235956989228725e-03,1.611910411156713963e-04,3.925506491214036942e-03,-7.171238539740443230e-04,-2.520062029361724854e-01,4.843880832195281982e-01,-2.520062029361724854e-01,-7.171238539740443230e-04,3.925506491214036942e-03,1.611910411156713963e-04,-1.863235956989228725e-03
-5.003295421600341797e+00
-3.562007471919059753e-02,5.957305058836936951e-02,-7.595890760421752930e-02,-8.543547987937927246e-02,5.143330693244934082e-01,2.001206427812576294e-01,5.143330693244934082e-01,-8.543547987937927246e-02,-7.595890760421752930e-02,5.957305058836936951e-02,-3.562007471919059753e-02
1.081152446568012238e-02,-4.712722077965736389e-02,1.437640339136123657e-01,-3.241005539894104004e-01,4.479555413126945496e-02,3.429666757583618164e-01,4.479555413126945496e-02,-3.241005539894104004e-01,1.437640339136123657e-01,-4.712722077965736389e-02,1.081152446568012238e-02
-7.218760848045349121e-01
-1.683207415044307709e-02,1.190206632018089294e-01,-2.721790969371795654e-01,2.179812341928482056e-01,3.642344772815704346e-01,2.466730475425720215e-01,3.642344772815704346e-01,2.179812341928482056e-01,-2.721790969371795654e-01,1.190206632018089294e-01,-1.683207415044307709e-02
-8.711542189121246338e-02,7.003701478242874146e-02,3.090415522456169128e-02,-3.406280577182769775e-01,2.143885046243667603e-01,1.665438860654830933e-01,2.143885046243667603e-01,-3.406280577182769775e-01,3.090415522456169128e-02,7.003701478242874146e-02,-8.711542189121246338e-02
-1.063408255577087402e+00
-5.135962739586830139e-02,8.401243388652801514e-02,-1.350754648447036743e-01,-1.466496475040912628e-02,4.924642145633697510e-01,1.887822151184082031e-01,4.924642145633697510e-01,-1.466496475040912628e-02,-1.350754648447036743e-01,8.401243388652801514e-02,-5.135962739586830139e-02
-4.573056474328041077e-03,-2.715126797556877136e-02,1.407983899116516113e-01,-3.617218136787414551e-01,1.145472601056098938e-01,2.807548344135284424e-01,1.145472601056098938e-01,-3.617218136787414551e-01,1.407983899116516113e-01,-2.715126797556877136e-02,-4.573056474328041077e-03
-1.444933056831359863e+00
-2.158092148602008820e-02,3.054125420749187469e-02,-3.359947726130485535e-02,-1.308874636888504028e-01,5.185587406158447266e-01,2.317563891410827637e-01,5.185587406158447266e-01,-1.308874636888504028e-01,-3.359947726130485535e-02,3.054125420749187469e-02,-2.158092148602008820e-02
1.996953412890434265e-02,-5.324748158454895020e-02,1.350263804197311401e-01,-2.758854925632476807e-01,-2.187002077698707581e-02,3.972979784011840820e-01,-2.187002077698707581e-02,-2.758854925632476807e-01,1.350263804197311401e-01,-5.324748158454895020e-02,1.996953412890434265e-02
-1.862723350524902344e+00
1.054355176165699959e-03,-1.460597384721040726e-03,2.159994281828403473e-02,-1.697282493114471436e-01,4.873378872871398926e-01,3.167576491832733154e-01,4.873378872871398926e-01,-1.697282493114471436e-01,2.159994281828403473e-02,-1.460597384721040726e-03,1.054355176165699959e-03
2.266844175755977631e-02,-4.700792208313941956e-02,1.027179956436157227e-01,-1.893765777349472046e-01,-1.239069625735282898e-01,4.712547659873962402e-01,-1.239069625735282898e-01,-1.893765777349472046e-01,1.027179956436157227e-01,-4.700792208313941956e-02,2.266844175755977631e-02
-2.313916444778442383e+00
1.149351429194211960e-02,-1.837927475571632385e-02,4.600525274872779846e-02,-1.746049821376800537e-01,4.353619515895843506e-01,4.062625467777252197e-01,4.353619515895843506e-01,-1.746049821376800537e-01,4.600525274872779846e-02,-1.837927475571632385e-02,1.149351429194211960e-02
1.854768954217433929e-02,-3.244271129369735718e-02,7.245887070894241333e-02,-1.225895509123802185e-01,-1.883961409330368042e-01,5.073533654212951660e-01,-1.883961409330368042e-01,-1.225895509123802185e-01,7.245887070894241333e-02,-3.244271129369735718e-02,1.854768954217433929e-02
-2.796229600906372070e+00
1.893049292266368866e-02,-2.483089640736579895e-02,5.431892722845077515e-02,-1.648591309785842896e-01,3.821797966957092285e-01,4.886859059333801270e-01,3.821797966957092285e-01,-1.648591309785842896e-01,5.431892722845077515e-02,-2.483089640736579895e-02,1.893049292266368866e-02
1.565727032721042633e-02,-2.013940736651420593e-02,4.561614245176315308e-02,-7.455854117870330811e-02,-2.243856936693191528e-01,5.183343291282653809e-01,-2.243856936693191528e-01,-7.455854117870330811e-02,4.561614245176315308e-02,-2.013940736651420593e-02,1.565727032721042633e-02
-3.307788610458374023e+00
2.070915699005126953e-02,-2.722561173141002655e-02,5.559138208627700806e-02,-1.503121554851531982e-01,3.337078392505645752e-01,5.589941740036010742e-01,3.337078392505645752e-01,-1.503121554851531982e-01,5.559138208627700806e-02,-2.722561173141002655e-02,2.070915699005126953e-02
9.454436600208282471e-03,-9.968264959752559662e-03,2.874448336660861969e-02,-3.997196629643440247e-02,-2.433618903160095215e-01,5.131159424781799316e-01,-2.433618903160095215e-01,-3.997196629643440247e-02,2.874448336660861969e-02,-9.968264959752559662e-03,9.454436600208282471e-03
-3.847019672393798828e+00
2.123253606259822845e-02,-2.661432884633541107e-02,5.394161120057106018e-02,-1.347727775573730469e-01,2.909532785415649414e-01,6.172331571578979492e-01,2.909532785415649414e-01,-1.347727775573730469e-01,5.394161120057106018e-02,-2.661432884633541107e-02,2.123253606259822845e-02
4.494855180382728577e-03,-2.455859212204813957e-03,1.611587591469287872e-02,-1.639834605157375336e-02,-2.520222961902618408e-01,4.996159970760345459e-01,-2.520222961902618408e-01,-1.639834605157375336e-02,1.611587591469287872e-02,-2.455859212204813957e-03,4.494855180382728577e-03
-4.412577629089355469e+00
2.143210731446743011e-02,-2.557248063385486603e-02,4.898294061422348022e-02,-1.210938543081283569e-01,2.545323967933654785e-01,6.660567522048950195e-01,2.545323967933654785e-01,-1.210938543081283569e-01,4.898294061422348022e-02,-2.557248063385486603e-02,2.143210731446743011e-02
1.340330345556139946e-03,2.858157269656658173e-03,6.530759390443563461e-03,2.499383117537945509e-04,-2.528521716594696045e-01,4.823162257671356201e-01,-2.528521716594696045e-01,2.499383117537945509e-04,6.530759390443563461e-03,2.858157269656658173e-03,1.340330345556139946e-03
-5.003295421600341797e+00
-3.545283526182174683e-02,5.418636277318000793e-02,-8.085643500089645386e-02,-8.624108880758285522e-02,5.134842991828918457e-01,1.984212547540664673e-01,5.134842991828918457e-01,-8.624108880758285522e-02,-8.085643500089645386e-02,5.418636277318000793e-02,-3.545283526182174683e-02
1.490209903568029404e-02,-4.582243412733078003e-02,1.478958725929260254e-01,-3.197871744632720947e-01,4.529747739434242249e-02,3.397578299045562744e-01,4.529747739434242249e-02,-3.197871744632720947e-01,1.478958725929260254e-01,-4.582243412733078003e-02,1.490209903568029404e-02
-7.218760848045349121e-01
-1.734770089387893677e-02,1.258220225572586060e-01,-2.681420445442199707e-01,2.146567553281784058e-01,3.590782284736633301e-01,2.439726293087005615e-01,3.590782284736633301e-01,2.146567553281784058e-01,-2.681420445442199707e-01,1.258220225572586060e-01,-1.734770089387893677e-02
-7.618883997201919556e-02,7.347253710031509399e-02,2.513607591390609741e-02,-3.455622494220733643e-01,2.146943807601928711e-01,1.687919497489929199e-01,2.146943807601928711e-01,-3.455622494220733643e-01,2.513607591390609741e-02,7.347253710031509399e-02,-7.618883997201919556e-02
-1.063408255577087402e+00
-4.728092998266220093e-02,8.860766142606735229e-02,-1.339851468801498413e-01,-1.664811559021472931e-02,4.899774193763732910e-01,1.868838220834732056e-01,4.899774193763732910e-01,-1.664811559021472931e-02,-1.339851468801498413e-01,8.860766142606735229e-02,-4.728092998266220093e-02
-7.345670601353049278e-04,-2.736108750104904175e-02,1.404301524162292480e-01,-3.610065579414367676e-01,1.146334260702133179e-01,2.794730067253112793e-01,1.146334260702133179e-01,-3.610065579414367676e-01,1.404301524162292480e-01,-2.736108750104904175e-02,-7.345670601353049278e-04
-1.444933056831359863e+00
-2.223957888782024384e-02,2.654758654534816742e-02,-3.447173535823822021e-02,-1.278013586997985840e-01,5.200114250183105469e-01,2.308938056230545044e-01,5.200114250183105469e-01,-1.278013586997985840e-01,-3.447173535823822021e-02,2.654758654534816742e-02,-2.223957888782024384e-02
2.111946232616901398e-02,-5.201582238078117371e-02,1.398602575063705444e-01,-2.721752226352691650e-01,-2.282129228115081787e-02,3.932317495346069336e-01,-2.282129228115081787e-02,-2.721752226352691650e-01,1.398602575063705444e-01,-5.201582238078117371e-02,2.111946232616901398e-02
-1.862723350524902344e+00
1.827736617997288704e-03,-2.074336865916848183e-03,2.134062163531780243e-02,-1.691174060106277466e-01,4.871743321418762207e-01,3.157122731208801270e-01,4.871743321418762207e-01,-1.691174060106277466e-01,2.134062163531780243e-02,-2.074336865916848183e-03,1.827736617997288704e-03
2.386884018778800964e-02,-4.726773872971534729e-02,1.045166924595832825e-01,-1.875926256179809570e-01,-1.235315650701522827e-01,4.702729582786560059e-01,-1.235315650701522827e-01,-1.875926256179809570e-01,1.045166924595832825e-01,-4.726773872971534729e-02,2.386884018778800964e-02
-2.313916444778442383e+00
1.207674574106931686e-02,-1.924248225986957550e-02,4.616121202707290649e-02,-1.724979281425476074e-01,4.380518198013305664e-01,4.077700972557067871e-01,4.380518198013305664e-01,-1.724979281425476074e-01,4.616121202707290649e-02,-1.924248225986957550e-02,1.207674574106931686e-02
1.638865657150745392e-02,-3.527112677693367004e-02,7.466998696327209473e-02,-1.186784580349922180e-01,-1.865202337503433228e-01,5.049576759338378906e-01,-1.865202337503433228e-01,-1.186784580349922180e-01,7.466998696327209473e-02,-3.527112677693367004e-02,1.638865657150745392e-02
-2.796229600906372070e+00
1.904049701988697052e-02,-2.569171786308288574e-02,5.388359352946281433e-02,-1.639376133680343628e-01,3.842987120151519775e-01,4.902003407478332520e-01,3.842987120151519775e-01,-1.639376133680343628e-01,5.388359352946281433e-02,-2.569171786308288574e-02,1.904049701988697052e-02
1.308361068367958069e-02,-2.318827994167804718e-02,4.709563776850700378e-02,-7.166381925344467163e-02,-2.227093577384948730e-01,5.174067020416259766e-01,-2.227093577384948730e-01,-7.166381925344467163e-02,4.709563776850700378e-02,-2.318827994167804718e-02,1.308361068367958069e-02
-3.307788610458374023e+00
2.099475637078285217e-02,-2.668618969619274139e-02,5.653490498661994934e-02,-1.494236290454864502e-01,3.348231017589569092e-01,5.599416494369506836e-01,3.348231017589569092e-01,-1.494236290454864502e-01,5.653490498661994934e-02,-2.668618969619274139e-02,2.099475637078285217e-02
7.747221738100051880e-03,-1.373826153576374054e-02,2.730888500809669495e-02,-3.981745243072509766e-02,-2.432977557182312012e-01,5.136784911155700684e-01,-2.432977557182312012e-01,-3.981745243072509766e-02,2.730888500809669495e-02,-1.373826153576374054e-02,7.747221738100051880e-03
-3.847019672393798828e+00
2.146781608462333679e-02,-2.617537602782249451e-02,5.389406904578208923e-02,-1.352610439062118530e-01,2.919075489044189453e-01,6.188550591468811035e-01,2.919075489044189453e-01,-1.352610439062118530e-01,5.389406904578208923e-02,-2.617537602782249451e-02,2.146781608462333679e-02
4.741393961012363434e-03,-6.161823403090238571e-03,1.311295479536056519e-02,-1.721523515880107880e-02,-2.515915334224700928e-01,5.013532042503356934e-01,-2.515915334224700928e-01,-1.721523515880107880e-02,1.311295479536056519e-02,-6.161823403090238571e-03,4.741393961012363434e-03
-4.412577629089355469e+00
1.990187913179397583e-02,-2.494576387107372284e-02,5.068729445338249207e-02,-1.209828257560729980e-01,2.554236352443695068e-01,6.676148772239685059e-01,2.554236352443695068e-01,-1.209828257560729980e-01,5.068729445338249207e-02,-2.494576387107372284e-02,1.990187913179397583e-02
-2.405024424660950899e-04,1.238761615240946412e-04,5.043179262429475784e-03,-1.091092824935913086e-03,-2.541531324386596680e-01,4.845740497112274170e-01,-2.541531324386596680e-01,-1.091092824935913086e-03,5.043179262429475784e-03,1.238761615240946412e-04,-2.405024424660950899e-04
-5.003295421600341797e+00
-3.721039742231369019e-02,5.508050695061683655e-02,-8.031969517469406128e-02,-8.674789220094680786e-02,5.155185461044311523e-01,2.011224478483200073e-01,5.155185461044311523e-01,-8.674789220094680786e-02,-8.031969517469406128e-02,5.508050695061683655e-02,-3.721039742231369019e-02
1.435570605099201202e-02,-4.601768776774406433e-02,1.470706164836883545e-01,-3.215704560279846191e-01,4.681080952286720276e-02,3.443847298622131348e-01,4.681080952286720276e-02,-3.215704560279846191e-01,1.470706164836883545e-01,-4.601768776774406433e-02,1.435570605099201202e-02
-7.218760848045349121e-01
-1.840711198747158051e-02,1.236341670155525208e-01,-2.697996795177459717e-01,2.159954309463500977e-01,3.614259958267211914e-01,2.451811134815216064e-01,3.614259958267211914e-01,2.159954309463500977e-01,-2.697996795177459717e-01,1.236341670155525208e-01,-1.840711198747158051e-02
-7.829901576042175293e-02,7.390104979276657104e-02,2.671014145016670227e-02,-3.463555872440338135e-01,2.140829265117645264e-01,1.698642075061798096e-01,2.140829265117645264e-01,-3.463555872440338135e-01,2.671014145016670227e-02,7.390104979276657104e-02,-7.829901576042175293e-02
-1.063408255577087402e+00
-5.192419886589050293e-02,8.218964189291000366e-02,-1.385828107595443726e-01,-1.702139526605606079e-02,4.924013316631317139e-01,1.890864223241806030e-01,4.924013316631317139e-01,-1.702139526605606079e-02,-1.385828107595443726e-01,8.218964189291000366e-02,-5.192419886589050293e-02
-1.553714508190751076e-03,-2.595425769686698914e-02,1.438990682363510132e-01,-3.592070639133453369e-01,1.171741932630538940e-01,2.823943197727203369e-01,1.171741932630538940e-01,-3.592070639133453369e-01,1.438990682363510132e-01,-2.595425769686698914e-02,-1.553714508190751076e-03
-1.444933056831359863e+00
-1.995882205665111542e-02,3.151245787739753723e-02,-3.401283919811248779e-02,-1.323218494653701782e-01,5.183073282241821289e-01,2.317619919776916504e-01,5.183073282241821289e-01,-1.323218494653701782e-01,-3.401283919811248779e-02,3.151245787739753723e-02,-1.995882205665111542e-02
2.194251306354999542e-02,-5.260778591036796570e-02,1.369097828865051270e-01,-2.751979231834411621e-01,-2.082060836255550385e-02,3.997046947479248047e-01,-2.082060836255550385e-02,-2.751979231834411621e-01,1.369097828865051270e-01,-5.260778591036796570e-02,2.194251306354999542e-02
-1.862723350524902344e+00
2.190410159528255463e-03,-1.361898495815694332e-03,2.042225189507007599e-02,-1.718749850988388062e-01,4.865411221981048584e-01,3.165970146656036377e-01,4.865411221981048584e-01,-1.718749850988388062e-01,2.042225189507007599e-02,-1.361898495815694332e-03,2.190410159528255463e-03
2.402415126562118530e-02,-4.720614477992057800e-02,1.041387766599655151e-01,-1.887011677026748657e-01,-1.229218542575836182e-01,4.741799235343933105e-01,-1.229218542575836182e-01,-1.887011677026748657e-01,1.041387766599655151e-01,-4.720614477992057800e-02,2.402415126562118530e-02
-2.313916444778442383e+00
1.272542681545019150e-02,-1.805730164051055908e-02,4.560863599181175232e-02,-1.757600307464599609e-01,4.359545409679412842e-01,4.074512422084808350e-01,4.359545409679412842e-01,-1.757600307464599609e-01,4.560863599181175232e-02,-1.805730164051055908e-02,1.272542681545019150e-02
1.786304451525211334e-02,-3.457548096776008606e-02,7.345683127641677856e-02,-1.211726367473602295e-01,-1.874469071626663208e-01,5.095992088317871094e-01,-1.874469071626663208e-01,-1.211726367473602295e-01,7.345683127641677856e-02,-3.457548096776008606e-02,1.786304451525211334e-02
-2.796229600906372070e+00
1.837321184575557709e-02,-2.430398017168045044e-02,5.528705939650535583e-02,-1.650821864604949951e-01,3.829596936702728271e-01,4.898444414138793945e-01,3.829596936702728271e-01,-1.650821864604949951e-01,5.528705939650535583e-02,-2.430398017168045044e-02,1.837321184575557709e-02
1.266841869801282883e-02,-2.375559322535991669e-02,4.620584473013877869e-02,-7.345075905323028564e-02,-2.244645804166793823e-01,5.198574662208557129e-01,-2.244645804166793823e-01,-7.345075905323028564e-02,4.620584473013877869e-02,-2.375559322535991669e-02,1.266841869801282883e-02
-3.307788610458374023e+00
1.956095919013023376e-02,-2.672816067934036255e-02,5.713689699769020081e-02,-1.501790583133697510e-01,3.339358866214752197e-01,5.595865845680236816e-01,3.339358866214752197e-01,-1.501790583133697510e-01,5.713689699769020081e-02,-2.672816067934036255e-02,1.956095919013023376e-02
7.375671993941068649e-03,-1.419783942401409149e-02,2.748588286340236664e-02,-4.023915156722068787e-02,-2.444282919168472290e-01,5.153648853302001953e-01,-2.444282919168472290e-01,-4.023915156722068787e-02,2.748588286340236664e-02,-1.419783942401409149e-02,7.375671993941068649e-03
-3.847019672393798828e+00
1.870531775057315826e-02,-2.745854854583740234e-02,5.466509237885475159e-02,-1.345363706350326538e-01,2.921051681041717529e-01,6.188383698463439941e-01,2.921051681041717529e-01,-1.345363706350326538e-01,5.466509237885475159e-02,-2.745854854583740234e-02,1.870531775057315826e-02
3.066614735871553421e-03,-6.256506312638521194e-03,1.469745300710201263e-02,-1.682440377771854401e-02,-2.532927989959716797e-01,5.020495057106018066e-01,-2.532927989959716797e-01,-1.682440377771854401e-02,1.469745300710201263e-02,-6.256506312638521194e-03,3.066614735871553421e-03
-4.412577629089355469e+00
1.753999106585979462e-02,-2.618863061070442200e-02,5.161908641457557678e-02,-1.198534145951271057e-01,2.556228041648864746e-01,6.675425171852111816e-01,2.556228041648864746e-01,-1.198534145951271057e-01,5.161908641457557678e-02,-2.618863061070442200e-02,1.753999106585979462e-02
-1.650242717005312443e-03,-1.619965769350528717e-04,6.170281209051609039e-03,-1.048723934218287468e-03,-2.559873163700103760e-01,4.859505295753479004e-01,-2.559873163700103760e-01,-1.048723934218287468e-03,6.170281209051609039e-03,-1.619965769350528717e-04,-1.650242717005312443e-03
-5.003295421600341797e+00
-3.676612675189971924e-02,5.723139643669128418e-02,-7.893117517232894897e-02,-8.467806875705718994e-02,5.173283219337463379e-01,2.007768452167510986e-01,5.173283219337463379e-01,-8.467806875705718994e-02,-7.893117517232894897e-02,5.723139643669128418e-02,-3.676612675189971924e-02
1.299078203737735748e-02,-4.692884162068367004e-02,1.490173637866973877e-01,-3.208512365818023682e-01,4.482308402657508850e-02,3.426314592361450195e-01,4.482308402657508850e-02,-3.208512365818023682e-01,1.490173637866973877e-01,-4.692884162068367004e-02,1.299078203737735748e-02
-7.218760848045349121e-01
-2.229263819754123688e-02,1.303559690713882446e-01,-2.672431170940399170e-01,2.139316201210021973e-01,3.599981069564819336e-01,2.449960708618164062e-01,3.599981069564819336e-01,2.139316201210021973e-01,-2.672431170940399170e-01,1.303559690713882446e-01,-2.229263819754123688e-02
-7.347294688224792480e-02,7.688437402248382568e-02,2.290212735533714294e-02,-3.493896722793579102e-01,2.172465920448303223e-01,1.736801713705062866e-01,2.172465920448303223e-01,-3.493896722793579102e-01,2.290212735533714294e-02,7.688437402248382568e-02,-7.347294688224792480e-02
-1.063408255577087402e+00
-5.336035415530204773e-02,8.312901109457015991e-02,-1.404996365308761597e-01,-1.802210509777069092e-02,4.920219779014587402e-01,1.876268386840820312e-01,4.920219779014587402e-01,-1.802210509777069092e-02,-1.404996365308761597e-01,8.312901109457015991e-02,-5.336035415530204773e-02
-1.031852094456553459e-03,-2.637363411486148834e-02,1.453236639499664307e-01,-3.583738207817077637e-01,1.170901209115982056e-01,2.819718122482299805e-01,1.170901209115982056e-01,-3.583738207817077637e-01,1.453236639499664307e-01,-2.637363411486148834e-02,-1.031852094456553459e-03
-1.444933056831359863e+00
-2.471720986068248749e-02,2.911284938454627991e-02,-3.523932769894599915e-02,-1.316772997379302979e-01,5.178331136703491211e-01,2.292802035808563232e-01,5.178331136703491211e-01,-1.316772997379302979e-01,-3.523932769894599915e-02,2.911284938454627991e-02,-2.471720986068248749e-02
2.081539295613765717e-02,-5.289079248905181885e-02,1.408234387636184692e-01,-2.735539376735687256e-01,-2.288497984409332275e-02,3.980818092823028564e-01,-2.288497984409332275e-02,-2.735539376735687256e-01,1.408234387636184692e-01,-5.289079248905181885e-02,2.081539295613765717e-02
-1.862723350524902344e+00
2.279283362440764904e-04,-2.810748293995857239e-03,2.019567042589187622e-02,-1.704818010330200195e-01,4.869351983070373535e-01,3.150482475757598877e-01,4.869351983070373535e-01,-1.704818010330200195e-01,2.019567042589187622e-02,-2.810748293995857239e-03,2.279283362440764904e-04
2.321354486048221588e-02,-4.797946661710739136e-02,1.071411594748497009e-01,-1.873798966407775879e-01,-1.255092024803161621e-01,4.727869033813476562e-01,-1.255092024803161621e-01,-1.873798966407775879e-01,1.071411594748497009e-01,-4.797946661710739136e-02,2.321354486048221588e-02
-2.313916444778442383e+00
1.342822518199682236e-02,-1.661656238138675690e-02,4.720753058791160583e-02,-1.754341125488281250e-01,4.345636069774627686e-01,4.051375389099121094e-01,4.345636069774627686e-01,-1.754341125488281250e-01,4.720753058791160583e-02,-1.661656238138675690e-02,1.342822518199682236e-02
1.842274330556392670e-02,-3.578348830342292786e-02,7.390609383583068848e-02,-1.224909797310829163e-01,-1.910825371742248535e-01,5.107343196868896484e-01,-1.910825371742248535e-01,-1.224909797310829163e-01,7.390609383583068848e-02,-3.578348830342292786e-02,1.842274330556392670e-02
-2.796229600906372070e+00
1.785017922520637512e-02,-2.435709163546562195e-02,5.646294355392456055e-02,-1.647291779518127441e-01,3.817773461341857910e-01,4.881831407546997070e-01,3.817773461341857910e-01,-1.647291779518127441e-01,5.646294355392456055e-02,-2.435709163546562195e-02,1.785017922520637512e-02
1.244699768722057343e-02,-2.341557480394840240e-02,4.866042733192443848e-02,-7.436875998973846436e-02,-2.284731864929199219e-01,5.226837992668151855e-01,-2.284731864929199219e-01,-7.436875998973846436e-02,4.866042733192443848e-02,-2.341557480394840240e-02,1.244699768722057343e-02
-3.307788610458374023e+00
1.877389848232269287e-02,-2.650904096662998199e-02,5.869715288281440735e-02,-1.499846130609512329e-01,3.334935903549194336e-01,5.594369769096374512e-01,3.334935903549194336e-01,-1.499846130609512329e-01,5.869715288281440735e-02,-2.650904096662998199e-02,1.877389848232269287e-02
6.934759207069873810e-03,-1.356561947613954544e-02,3.063073195517063141e-02,-4.113312438130378723e-02,-2.485074847936630249e-01,5.196627974510192871e-01,-2.485074847936630249e-01,-4.113312438130378723e-02,3.063073195517063141e-02,-1.356561947613954544e-02,6.934759207069873810e-03
-3.847019672393798828e+00
1.697987318038940430e-02,-2.752840518951416016e-02,5.663800984621047974e-02,-1.348570585250854492e-01,2.914146780967712402e-01,6.193153262138366699e-01,2.914146780967712402e-01,-1.348570585250854492e-01,5.663800984621047974e-02,-2.752840518951416016e-02,1.697987318038940430e-02
2.436288166791200638e-03,-5.400512833148241043e-03,1.800916343927383423e-02,-1.841796189546585083e-02,-2.581804394721984863e-01,5.094721913337707520e-01,-2.581804394721984863e-01,-1.841796189546585083e-02,1.800916343927383423e-02,-5.400512833148241043e-03,2.436288166791200638e-03
-4.412577629089355469e+00
1.499283127486705780e-02,-2.649111300706863403e-02,5.285907536745071411e-02,-1.215950027108192444e-01,2.552995085716247559e-01,6.701509356498718262e-01,2.552995085716247559e-01,-1.215950027108192444e-01,5.285907536745071411e-02,-2.649111300706863403e-02,1.499283127486705780e-02
-7.207850576378405094e-04,-3.749466850422322750e-04,7.378066424280405045e-03,-3.239056561142206192e-03,-2.606402635574340820e-01,4.968612790107727051e-01,-2.606402635574340820e-01,-3.239056561142206192e-03,7.378066424280405045e-03,-3.749466850422322750e-04,-7.207850576378405094e-04
-5.003295421600341797e+00
-8.789010345935821533e-03,-8.656385354697704315e-03,1.890683360397815704e-02,-3.613335266709327698e-02,6.983359158039093018e-02,9.139294624328613281e-01,6.983359158039093018e-02,-3.613335266709327698e-02,1.890683360397815704e-02,-8.656385354697704315e-03,-8.789010345935821533e-03
-2.077837288379669189e-02,1.329645887017250061e-02,-1.491707935929298401e-02,3.215010464191436768e-02,-1.750236898660659790e-01,3.011590838432312012e-01,-1.750236898660659790e-01,3.215010464191436768e-02,-1.491707935929298401e-02,1.329645887017250061e-02,-2.077837288379669189e-02
-0.000000000000000000e+00
