1.253777742385864258e-02,3.637284738942980766e-03,-5.504163727164268494e-02,9.892860800027847290e-02,8.792077302932739258e-01,9.892860800027847290e-02,-5.504163727164268494e-02,3.637284738942980766e-03,1.253777742385864258e-02
1.140350010246038437e-02,4.343903623521327972e-03,4.858366027474403381e-02,-1.954431533813476562e-01,3.514796197414398193e-01,-1.954431533813476562e-01,4.858366027474403381e-02,4.343903623521327972e-03,1.140350010246038437e-02
-5.866897583007812500e+00
-5.838434211909770966e-03,2.848237194120883942e-02,-9.605486690998077393e-02,2.040241658687591553e-01,7.469691634178161621e-01,2.040241658687591553e-01,-9.605486690998077393e-02,2.848237194120883942e-02,-5.838434211909770966e-03
-6.118052173405885696e-03,-1.287367846816778183e-02,1.764773763716220856e-02,-2.534384727478027344e-01,4.624829590320587158e-01,-2.534384727478027344e-01,1.764773763716220856e-02,-1.287367846816778183e-02,-6.118052173405885696e-03
-1.826446151733398438e+01
-9.391393512487411499e-03,3.057146817445755005e-02,-9.046278893947601318e-02,2.057830095291137695e-01,7.454811930656433105e-01,2.057830095291137695e-01,-9.046278893947601318e-02,3.057146817445755005e-02,-9.391393512487411499e-03
-3.858118085190653801e-03,-8.387573063373565674e-03,1.997380144894123077e-02,-2.549940049648284912e-01,4.575600922107696533e-01,-2.549940049648284912e-01,1.997380144894123077e-02,-8.387573063373565674e-03,-3.858118085190653801e-03
-5.866897583007812500e+00
-1.154027786105871201e-02,2.770114317536354065e-02,-9.086447209119796753e-02,2.048632353544235229e-01,7.448417544364929199e-01,2.048632353544235229e-01,-9.086447209119796753e-02,2.770114317536354065e-02,-1.154027786105871201e-02
-3.578258911147713661e-03,-7.986838929355144501e-03,2.030483074486255646e-02,-2.550131976604461670e-01,4.571321010589599609e-01,-2.550131976604461670e-01,2.030483074486255646e-02,-7.986838929355144501e-03,-3.578258911147713661e-03
-1.826446151733398438e+01
-5.139127373695373535e-03,3.144231438636779785e-02,-9.221667051315307617e-02,2.035612910985946655e-01,7.443209886550903320e-01,2.035612910985946655e-01,-9.221667051315307617e-02,3.144231438636779785e-02,-5.139127373695373535e-03
1.899252529256045818e-03,-1.530704088509082794e-03,2.435806579887866974e-02,-2.528941929340362549e-01,4.580610394477844238e-01,-2.528941929340362549e-01,2.435806579887866974e-02,-1.530704088509082794e-03,1.899252529256045818e-03
-5.866897583007812500e+00
-5.257860757410526276e-03,2.999679185450077057e-02,-9.342500567436218262e-02,2.024181187152862549e-01,7.438460588455200195e-01,2.024181187152862549e-01,-9.342500567436218262e-02,2.999679185450077057e-02,-5.257860757410526276e-03
2.379134297370910645e-03,-1.384804490953683853e-03,2.468066848814487457e-02,-2.525914609432220459e-01,4.584024846553802490e-01,-2.525914609432220459e-01,2.468066848814487457e-02,-1.384804490953683853e-03,2.379134297370910645e-03
-1.826446151733398438e+01
-3.772205440327525139e-03,2.949323505163192749e-02,-9.545022249221801758e-02,2.001148760318756104e-01,7.423758506774902344e-01,2.001148760318756104e-01,-9.545022249221801758e-02,2.949323505163192749e-02,-3.772205440327525139e-03
4.865163005888462067e-03,1.876301364973187447e-03,2.739000879228115082e-02,-2.509221732616424561e-01,4.582315981388092041e-01,-2.509221732616424561e-01,2.739000879228115082e-02,1.876301364973187447e-03,4.865163005888462067e-03
-5.866897583007812500e+00
-5.210988689213991165e-03,2.835769392549991608e-02,-9.559839218854904175e-02,1.995285302400588989e-01,7.417430877685546875e-01,1.995285302400588989e-01,-9.559839218854904175e-02,2.835769392549991608e-02,-5.210988689213991165e-03
4.017629660665988922e-03,3.570947737898677588e-04,2.659849263727664948e-02,-2.515337765216827393e-01,4.577091634273529053e-01,-2.515337765216827393e-01,2.659849263727664948e-02,3.570947737898677588e-04,4.017629660665988922e-03
-1.826446151733398438e+01
-6.312500685453414917e-03,2.885196544229984283e-02,-9.410694241523742676e-02,1.991748511791229248e-01,7.402545213699340820e-01,1.991748511791229248e-01,-9.410694241523742676e-02,2.885196544229984283e-02,-6.312500685453414917e-03
3.068950725719332695e-03,-1.830005494412034750e-04,2.601552195847034454e-02,-2.529513537883758545e-01,4.552757441997528076e-01,-2.529513537883758545e-01,2.601552195847034454e-02,-1.830005494412034750e-04,3.068950725719332695e-03
-5.866897583007812500e+00
-8.681223727762699127e-03,2.839532308280467987e-02,-9.290056675672531128e-02,1.996125876903533936e-01,7.399268746376037598e-01,1.996125876903533936e-01,-9.290056675672531128e-02,2.839532308280467987e-02,-8.681223727762699127e-03
1.411371515132486820e-03,-2.299880841746926308e-03,2.462467923760414124e-02,-2.543168663978576660e-01,4.541735947132110596e-01,-2.543168663978576660e-01,2.462467923760414124e-02,-2.299880841746926308e-03,1.411371515132486820e-03
-1.826446151733398438e+01
-1.504340022802352905e-02,2.551882900297641754e-02,-9.046942740678787231e-02,2.004728913307189941e-01,7.393485307693481445e-01,2.004728913307189941e-01,-9.046942740678787231e-02,2.551882900297641754e-02,-1.504340022802352905e-02
-3.150920383632183075e-03,-8.001293055713176727e-03,2.028187178075313568e-02,-2.585065364837646484e-01,4.516303241252899170e-01,-2.585065364837646484e-01,2.028187178075313568e-02,-8.001293055713176727e-03,-3.150920383632183075e-03
-5.866897583007812500e+00
-1.179620530456304550e-02,2.885578945279121399e-02,-9.002292901277542114e-02,2.010713666677474976e-01,7.396949529647827148e-01,2.010713666677474976e-01,-9.002292901277542114e-02,2.885578945279121399e-02,-1.179620530456304550e-02
-2.397976350039243698e-03,-7.250022608786821365e-03,2.041419409215450287e-02,-2.584776580333709717e-01,4.520614445209503174e-01,-2.584776580333709717e-01,2.041419409215450287e-02,-7.250022608786821365e-03,-2.397976350039243698e-03
-1.826446151733398438e+01
-7.182394154369831085e-03,3.517702594399452209e-02,-8.991411328315734863e-02,1.997173875570297241e-01,7.396048903465270996e-01,1.997173875570297241e-01,-8.991411328315734863e-02,3.517702594399452209e-02,-7.182394154369831085e-03
3.548315027728676796e-03,1.212114235386252403e-03,2.377812378108501434e-02,-2.569414675235748291e-01,4.544456899166107178e-01,-2.569414675235748291e-01,2.377812378108501434e-02,1.212114235386252403e-03,3.548315027728676796e-03
-5.866897583007812500e+00
-5.283819045871496201e-03,3.097471594810485840e-02,-9.234715998172760010e-02,2.005196511745452881e-01,7.407283186912536621e-01,2.005196511745452881e-01,-9.234715998172760010e-02,3.097471594810485840e-02,-5.283819045871496201e-03
-9.944893099600449204e-05,-3.984802868217229843e-03,2.179772779345512390e-02,-2.570179402828216553e-01,4.548893272876739502e-01,-2.570179402828216553e-01,2.179772779345512390e-02,-3.984802868217229843e-03,-9.944893099600449204e-05
-1.826446151733398438e+01
-8.007160387933254242e-03,2.766738273203372955e-02,-9.476473927497863770e-02,2.000073790550231934e-01,7.412105798721313477e-01,2.000073790550231934e-01,-9.476473927497863770e-02,2.766738273203372955e-02,-8.007160387933254242e-03
-6.560169276781380177e-04,-3.676833119243383408e-03,2.273503877222537994e-02,-2.560227215290069580e-01,4.561273753643035889e-01,-2.560227215290069580e-01,2.273503877222537994e-02,-3.676833119243383408e-03,-6.560169276781380177e-04
-5.866897583007812500e+00
-5.818222183734178543e-03,2.856849320232868195e-02,-9.557605534791946411e-02,1.994844973087310791e-01,7.411927580833435059e-01,1.994844973087310791e-01,-9.557605534791946411e-02,2.856849320232868195e-02,-5.818222183734178543e-03
2.869463642127811909e-04,-1.849440624937415123e-03,2.390503697097301483e-02,-2.551651597023010254e-01,4.567161798477172852e-01,-2.551651597023010254e-01,2.390503697097301483e-02,-1.849440624937415123e-03,2.869463642127811909e-04
-1.826446151733398438e+01
-4.269806668162345886e-03,2.976112440228462219e-02,-9.598233550786972046e-02,1.986278742551803589e-01,7.407267689704895020e-01,1.986278742551803589e-01,-9.598233550786972046e-02,2.976112440228462219e-02,-4.269806668162345886e-03
9.053247631527483463e-04,9.651567233959212899e-05,2.543374337255954742e-02,-2.544022202491760254e-01,4.568926692008972168e-01,-2.544022202491760254e-01,2.543374337255954742e-02,9.651567233959212899e-05,9.053247631527483463e-04
-5.866897583007812500e+00
-7.209771312773227692e-03,2.798981405794620514e-02,-9.577183425426483154e-02,1.985108852386474609e-01,7.404491901397705078e-01,1.985108852386474609e-01,-9.577183425426483154e-02,2.798981405794620514e-02,-7.209771312773227692e-03
-6.641946674790233374e-05,-1.516989548690617085e-03,2.461123839020729065e-02,-2.550582289695739746e-01,4.565447270870208740e-01,-2.550582289695739746e-01,2.461123839020729065e-02,-1.516989548690617085e-03,-6.641946674790233374e-05
-1.826446151733398438e+01
-5.390651524066925049e-03,3.175362944602966309e-02,-9.400265663862228394e-02,1.990428268909454346e-01,7.400843501091003418e-01,1.990428268909454346e-01,-9.400265663862228394e-02,3.175362944602966309e-02,-5.390651524066925049e-03
3.300435200799256563e-04,-8.479616371914744377e-04,2.506879717111587524e-02,-2.554955780506134033e-01,4.554420411586761475e-01,-2.554955780506134033e-01,2.506879717111587524e-02,-8.479616371914744377e-04,3.300435200799256563e-04
-5.866897583007812500e+00
-8.484340272843837738e-03,2.961462736129760742e-02,-9.390498697757720947e-02,1.989907175302505493e-01,7.399341464042663574e-01,1.989907175302505493e-01,-9.390498697757720947e-02,2.961462736129760742e-02,-8.484340272843837738e-03
-3.015155962202697992e-04,-2.188314683735370636e-03,2.426910027861595154e-02,-2.560722827911376953e-01,4.551683962345123291e-01,-2.560722827911376953e-01,2.426910027861595154e-02,-2.188314683735370636e-03,-3.015155962202697992e-04
-1.826446151733398438e+01
-7.216862868517637253e-03,3.287249803543090820e-02,-9.287814795970916748e-02,1.996551603078842163e-01,7.401809096336364746e-01,1.996551603078842163e-01,-9.287814795970916748e-02,3.287249803543090820e-02,-7.216862868517637253e-03
3.459799627307802439e-04,-2.603518543764948845e-03,2.399809658527374268e-02,-2.564949095249176025e-01,4.550125300884246826e-01,-2.564949095249176025e-01,2.399809658527374268e-02,-2.603518543764948845e-03,3.459799627307802439e-04
-5.866897583007812500e+00
-8.137861266732215881e-03,3.259064257144927979e-02,-9.298487007617950439e-02,1.997022181749343872e-01,7.402911782264709473e-01,1.997022181749343872e-01,-9.298487007617950439e-02,3.259064257144927979e-02,-8.137861266732215881e-03
3.919434384442865849e-04,-3.008109284564852715e-03,2.378490008413791656e-02,-2.566545605659484863e-01,4.552113413810729980e-01,-2.566545605659484863e-01,2.378490008413791656e-02,-3.008109284564852715e-03,3.919434384442865849e-04
-1.826446151733398438e+01
-1.037988997995853424e-02,3.184243664145469666e-02,-9.401642531156539917e-02,1.995176821947097778e-01,7.407211661338806152e-01,1.995176821947097778e-01,-9.401642531156539917e-02,3.184243664145469666e-02,-1.037988997995853424e-02
7.034764275886118412e-04,-3.096716478466987610e-03,2.400630526244640350e-02,-2.565372586250305176e-01,4.564142227172851562e-01,-2.565372586250305176e-01,2.400630526244640350e-02,-3.096716478466987610e-03,7.034764275886118412e-04
-5.866897583007812500e+00
-1.034503430128097534e-02,3.207876905798912048e-02,-9.445908665657043457e-02,1.993695795536041260e-01,7.408902645111083984e-01,1.993695795536041260e-01,-9.445908665657043457e-02,3.207876905798912048e-02,-1.034503430128097534e-02
7.775665144436061382e-04,-2.839196240529417992e-03,2.432801760733127594e-02,-2.562644481658935547e-01,4.569277465343475342e-01,-2.562644481658935547e-01,2.432801760733127594e-02,-2.839196240529417992e-03,7.775665144436061382e-04
-1.826446151733398438e+01
-7.611867040395736694e-03,3.594313934445381165e-02,-9.464205056428909302e-02,1.986960768699645996e-01,7.411022782325744629e-01,1.986960768699645996e-01,-9.464205056428909302e-02,3.594313934445381165e-02,-7.611867040395736694e-03
6.867049960419535637e-04,-1.396154402755200863e-03,2.589058503508567810e-02,-2.550617754459381104e-01,4.580655395984649658e-01,-2.550617754459381104e-01,2.589058503508567810e-02,-1.396154402755200863e-03,6.867049960419535637e-04
-5.866897583007812500e+00
-1.523740123957395554e-02,3.070545569062232971e-02,-9.573438763618469238e-02,1.985500156879425049e-01,7.410166859626770020e-01,1.985500156879425049e-01,-9.573438763618469238e-02,3.070545569062232971e-02,-1.523740123957395554e-02
-4.188233870081603527e-04,-8.610689546912908554e-04,2.694423496723175049e-02,-2.542971968650817871e-01,4.582102894783020020e-01,-2.542971968650817871e-01,2.694423496723175049e-02,-8.610689546912908554e-04,-4.188233870081603527e-04
-1.826446151733398438e+01
-1.831885613501071930e-02,3.227246552705764771e-02,-9.525579214096069336e-02,1.973996311426162720e-01,7.400904297828674316e-01,1.973996311426162720e-01,-9.525579214096069336e-02,3.227246552705764771e-02,-1.831885613501071930e-02
-2.477664267644286156e-03,6.948510417714715004e-05,2.844547294080257416e-02,-2.536011040210723877e-01,4.582408964633941650e-01,-2.536011040210723877e-01,2.844547294080257416e-02,6.948510417714715004e-05,-2.477664267644286156e-03
-5.866897583007812500e+00
3.557475656270980835e-02,-9.548024274408817291e-03,4.084538295865058899e-02,-9.736861288547515869e-02,1.927430331707000732e-01,7.385672926902770996e-01,1.927430331707000732e-01,-9.736861288547515869e-02,4.084538295865058899e-02,-9.548024274408817291e-03,3.557475656270980835e-02
6.332345306873321533e-03,-4.713847301900386810e-03,-2.858977299183607101e-03,2.622455731034278870e-02,-2.534207999706268311e-01,4.632056951522827148e-01,-2.534207999706268311e-01,2.622455731034278870e-02,-2.858977299183607101e-03,-4.713847301900386810e-03,6.332345306873321533e-03
-1.826446151733398438e+01
-2.249756455421447754e-02,3.523063659667968750e-02,-9.397660195827484131e-02,1.950690001249313354e-01,7.377625107765197754e-01,1.950690001249313354e-01,-9.397660195827484131e-02,3.523063659667968750e-02,-2.249756455421447754e-02
-5.652026273310184479e-03,-3.013722132891416550e-03,2.420986071228981018e-02,-2.586931586265563965e-01,4.578480422496795654e-01,-2.586931586265563965e-01,2.420986071228981018e-02,-3.013722132891416550e-03,-5.652026273310184479e-03
-5.866897583007812500e+00
-2.277572453022003174e-02,3.623398765921592712e-02,-9.374396502971649170e-02,1.948393881320953369e-01,7.375898361206054688e-01,1.948393881320953369e-01,-9.374396502971649170e-02,3.623398765921592712e-02,-2.277572453022003174e-02
-6.326143164187669754e-03,-4.826616495847702026e-03,2.163565345108509064e-02,-2.611826956272125244e-01,4.581031501293182373e-01,-2.611826956272125244e-01,2.163565345108509064e-02,-4.826616495847702026e-03,-6.326143164187669754e-03
-1.826446151733398438e+01
1.160975079983472824e-02,8.168465457856655121e-03,-1.341300643980503082e-02,1.861237734556198120e-02,9.647760987281799316e-01,1.861237734556198120e-02,-1.341300643980503082e-02,8.168465457856655121e-03,1.160975079983472824e-02
-4.957323428243398666e-03,1.499354653060436249e-02,3.258795663714408875e-02,-1.175181865692138672e-01,1.948192268610000610e-01,-1.175181865692138672e-01,3.258795663714408875e-02,1.499354653060436249e-02,-4.957323428243398666e-03
-0.000000000000000000e+00
