-1.143210530281066895e-01,-4.700980614870786667e-03,7.625519037246704102e-01,-4.700980614870786667e-03,-1.143210530281066895e-01
1.713289171457290649e-01,-2.250330448150634766e-01,7.538213133811950684e-01,-2.250330448150634766e-01,1.713289171457290649e-01
-1.610251426696777344e+01
-4.893573001027107239e-02,5.801219940185546875e-01,3.069628477096557617e-01,5.801219940185546875e-01,-4.893573001027107239e-02
-1.033784970641136169e-01,-2.878277003765106201e-01,7.946845293045043945e-01,-2.878277003765106201e-01,-1.033784970641136169e-01
-1.610251426696777344e+01
-1.043696552515029907e-01,5.399082303047180176e-01,3.107583522796630859e-01,5.399082303047180176e-01,-1.043696552515029907e-01
-9.307426959276199341e-02,-2.433013021945953369e-01,8.273386359214782715e-01,-2.433013021945953369e-01,-9.307426959276199341e-02
-1.610251426696777344e+01
-1.875108778476715088e-01,4.776035249233245850e-01,3.049232661724090576e-01,4.776035249233245850e-01,-1.875108778476715088e-01
-8.435737341642379761e-02,-1.993722468614578247e-01,8.552137613296508789e-01,-1.993722468614578247e-01,-8.435737341642379761e-02
-1.610251426696777344e+01
-4.854753613471984863e-02,5.525089502334594727e-01,2.420022189617156982e-01,5.525089502334594727e-01,-4.854753613471984863e-02
-8.436344563961029053e-02,-3.438974022865295410e-01,6.574184894561767578e-01,-3.438974022865295410e-01,-8.436344563961029053e-02
-1.610251426696777344e+01
-1.101275533437728882e-01,4.917728602886199951e-01,2.374495714902877808e-01,4.917728602886199951e-01,-1.101275533437728882e-01
-8.258074522018432617e-02,-2.723712325096130371e-01,7.500765323638916016e-01,-2.723712325096130371e-01,-8.258074522018432617e-02
-1.610251426696777344e+01
-1.389090269804000854e-01,4.430232346057891846e-01,2.236358672380447388e-01,4.430232346057891846e-01,-1.389090269804000854e-01
-6.990114599466323853e-02,-2.325015217065811157e-01,7.374897003173828125e-01,-2.325015217065811157e-01,-6.990114599466323853e-02
-1.610251426696777344e+01
-7.544190436601638794e-02,5.266273021697998047e-01,2.445836961269378662e-01,5.266273021697998047e-01,-7.544190436601638794e-02
-8.435293287038803101e-02,-3.148190975189208984e-01,7.068252563476562500e-01,-3.148190975189208984e-01,-8.435293287038803101e-02
-1.610251426696777344e+01
-7.166251540184020996e-02,4.959437549114227295e-01,2.158635556697845459e-01,4.959437549114227295e-01,-7.166251540184020996e-02
-6.426738202571868896e-02,-3.180559873580932617e-01,6.793971061706542969e-01,-3.180559873580932617e-01,-6.426738202571868896e-02
-1.610251426696777344e+01
-1.978145092725753784e-01,4.085619747638702393e-01,2.264126688241958618e-01,4.085619747638702393e-01,-1.978145092725753784e-01
-4.573349654674530029e-02,-1.785503327846527100e-01,7.835741639137268066e-01,-1.785503327846527100e-01,-4.573349654674530029e-02
-1.610251426696777344e+01
-1.135795935988426208e-01,4.514365196228027344e-01,2.158503383398056030e-01,4.514365196228027344e-01,-1.135795935988426208e-01
-6.106465309858322144e-02,-2.578346133232116699e-01,7.232638001441955566e-01,-2.578346133232116699e-01,-6.106465309858322144e-02
-1.610251426696777344e+01
-1.037564352154731750e-01,4.725641012191772461e-01,2.328774780035018921e-01,4.725641012191772461e-01,-1.037564352154731750e-01
-7.724532485008239746e-02,-2.744921445846557617e-01,7.167600989341735840e-01,-2.744921445846557617e-01,-7.724532485008239746e-02
-1.610251426696777344e+01
-1.554743498563766479e-01,4.223003983497619629e-01,3.046578764915466309e-01,4.223003983497619629e-01,-1.554743498563766479e-01
6.001484580338001251e-03,-1.660807617008686066e-02,7.210048437118530273e-01,-1.660807617008686066e-02,6.001484580338001251e-03
-1.610251426696777344e+01
-9.885948151350021362e-02,4.804005920886993408e-01,2.433515340089797974e-01,4.804005920886993408e-01,-9.885948151350021362e-02
-7.530493289232254028e-02,-2.696226835250854492e-01,7.141483426094055176e-01,-2.696226835250854492e-01,-7.530493289232254028e-02
-1.610251426696777344e+01
-6.024147570133209229e-02,4.540288746356964111e-01,2.083274275064468384e-01,4.540288746356964111e-01,-6.024147570133209229e-02
-8.163756132125854492e-02,-2.678042948246002197e-01,6.464599370956420898e-01,-2.678042948246002197e-01,-8.163756132125854492e-02
-1.610251426696777344e+01
-8.140177279710769653e-02,3.367241844534873962e-02,7.201656699180603027e-01,3.367241844534873962e-02,-8.140177279710769653e-02
1.505546420812606812e-01,-2.312256991863250732e-01,7.564395666122436523e-01,-2.312256991863250732e-01,1.505546420812606812e-01
-0.000000000000000000e+00
