nan,nan,nan,nan,nan
nan,nan,nan,nan,nan
-7.218760848045349121e-01
nan,nan,nan
nan,nan,nan
-1.063408255577087402e+00
nan,nan,nan,nan,nan
nan,nan,nan,nan,nan
-1.444933056831359863e+00
nan,nan,nan
nan,nan,nan
-1.862723350524902344e+00
nan,nan,nan,nan,nan
nan,nan,nan,nan,nan
-2.313916444778442383e+00
nan,nan,nan
nan,nan,nan
-2.796229600906372070e+00
nan,nan,nan,nan,nan
nan,nan,nan,nan,nan
-3.307788610458374023e+00
nan,nan,nan
nan,nan,nan
-3.847019672393798828e+00
nan,nan,nan,nan,nan
nan,nan,nan,nan,nan
-4.412577629089355469e+00
nan,nan,nan
nan,nan,nan
-5.003295421600341797e+00
nan,nan,nan,nan,nan
nan,nan,nan,nan,nan
-7.218760848045349121e-01
nan,nan,nan
nan,nan,nan
-1.063408255577087402e+00
nan,nan,nan,nan,nan
nan,nan,nan,nan,nan
-1.444933056831359863e+00
nan,nan,nan
nan,nan,nan
-1.862723350524902344e+00
nan,nan,nan,nan,nan
nan,nan,nan,nan,nan
-2.313916444778442383e+00
nan,nan,nan
nan,nan,nan
-2.796229600906372070e+00
nan,nan,nan,nan,nan
nan,nan,nan,nan,nan
-3.307788610458374023e+00
nan,nan,nan
nan,nan,nan
-3.847019672393798828e+00
nan,nan,nan,nan,nan
nan,nan,nan,nan,nan
-4.412577629089355469e+00
nan,nan,nan
nan,nan,nan
-5.003295421600341797e+00
nan,nan,nan,nan,nan
nan,nan,nan,nan,nan
-7.218760848045349121e-01
nan,nan,nan
nan,nan,nan
-1.063408255577087402e+00
nan,nan,nan,nan,nan
nan,nan,nan,nan,nan
-1.444933056831359863e+00
nan,nan,nan
nan,nan,nan
-1.862723350524902344e+00
nan,nan,nan,nan,nan
nan,nan,nan,nan,nan
-2.313916444778442383e+00
nan,nan,nan
nan,nan,nan
-2.796229600906372070e+00
nan,nan,nan,nan,nan
nan,nan,nan,nan,nan
-3.307788610458374023e+00
nan,nan,nan
nan,nan,nan
-3.847019672393798828e+00
nan,nan,nan,nan,nan
nan,nan,nan,nan,nan
-4.412577629089355469e+00
nan,nan,nan
nan,nan,nan
-5.003295421600341797e+00
nan,nan,nan,nan,nan
nan,nan,nan,nan,nan
-7.218760848045349121e-01
nan,nan,nan
nan,nan,nan
-1.063408255577087402e+00
nan,nan,nan,nan,nan
nan,nan,nan,nan,nan
-1.444933056831359863e+00
nan,nan,nan
nan,nan,nan
-1.862723350524902344e+00
nan,nan,nan,nan,nan
nan,nan,nan,nan,nan
-2.313916444778442383e+00
nan,nan,nan
nan,nan,nan
-2.796229600906372070e+00
nan,nan,nan,nan,nan
nan,nan,nan,nan,nan
-3.307788610458374023e+00
nan,nan,nan
nan,nan,nan
-3.847019672393798828e+00
nan,nan,nan,nan,nan
nan,nan,nan,nan,nan
-4.412577629089355469e+00
nan,nan,nan
nan,nan,nan
-5.003295421600341797e+00
nan,nan,nan,nan,nan
nan,nan,nan,nan,nan
-7.218760848045349121e-01
nan,nan,nan
nan,nan,nan
-1.063408255577087402e+00
nan,nan,nan,nan,nan
nan,nan,nan,nan,nan
-1.444933056831359863e+00
nan,nan,nan
nan,nan,nan
-1.862723350524902344e+00
nan,nan,nan,nan,nan
nan,nan,nan,nan,nan
-2.313916444778442383e+00
nan,nan,nan
nan,nan,nan
-2.796229600906372070e+00
nan,nan,nan,nan,nan
nan,nan,nan,nan,nan
-3.307788610458374023e+00
nan,nan,nan
nan,nan,nan
-3.847019672393798828e+00
nan,nan,nan,nan,nan
nan,nan,nan,nan,nan
-4.412577629089355469e+00
nan,nan,nan
nan,nan,nan
-5.003295421600341797e+00
nan,nan,nan,nan,nan
nan,nan,nan,nan,nan
-7.218760848045349121e-01
nan,nan,nan
nan,nan,nan
-1.063408255577087402e+00
nan,nan,nan,nan,nan
nan,nan,nan,nan,nan
-1.444933056831359863e+00
nan,nan,nan
nan,nan,nan
-1.862723350524902344e+00
nan,nan,nan,nan,nan
nan,nan,nan,nan,nan
-2.313916444778442383e+00
nan,nan,nan
nan,nan,nan
-2.796229600906372070e+00
nan,nan,nan,nan,nan
nan,nan,nan,nan,nan
-3.307788610458374023e+00
nan,nan,nan
nan,nan,nan
-3.847019672393798828e+00
nan,nan,nan,nan,nan
nan,nan,nan,nan,nan
-4.412577629089355469e+00
nan,nan,nan
nan,nan,nan
-5.003295421600341797e+00
nan,nan,nan,nan,nan
nan,nan,nan,nan,nan
-7.218760848045349121e-01
nan,nan,nan
nan,nan,nan
-1.063408255577087402e+00
nan,nan,nan,nan,nan
nan,nan,nan,nan,nan
-1.444933056831359863e+00
nan,nan,nan
nan,nan,nan
-1.862723350524902344e+00
nan,nan,nan,nan,nan
nan,nan,nan,nan,nan
-2.313916444778442383e+00
nan,nan,nan
nan,nan,nan
-2.796229600906372070e+00
nan,nan,nan,nan,nan
nan,nan,nan,nan,nan
-3.307788610458374023e+00
nan,nan,nan
nan,nan,nan
-3.847019672393798828e+00
nan,nan,nan,nan,nan
nan,nan,nan,nan,nan
-4.412577629089355469e+00
nan,nan,nan
nan,nan,nan
-5.003295421600341797e+00
nan,nan,nan,nan,nan
nan,nan,nan,nan,nan
-7.218760848045349121e-01
nan,nan,nan
nan,nan,nan
-1.063408255577087402e+00
nan,nan,nan,nan,nan
nan,nan,nan,nan,nan
-1.444933056831359863e+00
nan,nan,nan
nan,nan,nan
-1.862723350524902344e+00
nan,nan,nan,nan,nan
nan,nan,nan,nan,nan
-2.313916444778442383e+00
nan,nan,nan
nan,nan,nan
-2.796229600906372070e+00
nan,nan,nan,nan,nan
nan,nan,nan,nan,nan
-3.307788610458374023e+00
nan,nan,nan
nan,nan,nan
-3.847019672393798828e+00
nan,nan,nan,nan,nan
nan,nan,nan,nan,nan
-4.412577629089355469e+00
nan,nan,nan
nan,nan,nan
-5.003295421600341797e+00
nan,nan,nan,nan,nan
nan,nan,nan,nan,nan
-7.218760848045349121e-01
nan,nan,nan
nan,nan,nan
-1.063408255577087402e+00
nan,nan,nan,nan,nan
nan,nan,nan,nan,nan
-1.444933056831359863e+00
nan,nan,nan
nan,nan,nan
-1.862723350524902344e+00
nan,nan,nan,nan,nan
nan,nan,nan,nan,nan
-2.313916444778442383e+00
nan,nan,nan
nan,nan,nan
-2.796229600906372070e+00
nan,nan,nan,nan,nan
nan,nan,nan,nan,nan
-3.307788610458374023e+00
nan,nan,nan
nan,nan,nan
-3.847019672393798828e+00
nan,nan,nan,nan,nan
nan,nan,nan,nan,nan
-4.412577629089355469e+00
nan,nan,nan
nan,nan,nan
-5.003295421600341797e+00
nan,nan,nan,nan,nan
nan,nan,nan,nan,nan
-7.218760848045349121e-01
nan,nan,nan
nan,nan,nan
-1.063408255577087402e+00
nan,nan,nan,nan,nan
nan,nan,nan,nan,nan
-1.444933056831359863e+00
nan,nan,nan
nan,nan,nan
-1.862723350524902344e+00
nan,nan,nan,nan,nan
nan,nan,nan,nan,nan
-2.313916444778442383e+00
nan,nan,nan
nan,nan,nan
-2.796229600906372070e+00
nan,nan,nan,nan,nan
nan,nan,nan,nan,nan
-3.307788610458374023e+00
nan,nan,nan
nan,nan,nan
-3.847019672393798828e+00
nan,nan,nan,nan,nan
nan,nan,nan,nan,nan
-4.412577629089355469e+00
nan,nan,nan
nan,nan,nan
-5.003295421600341797e+00
nan,nan,nan,nan,nan
nan,nan,nan,nan,nan
-7.218760848045349121e-01
nan,nan,nan
nan,nan,nan
-1.063408255577087402e+00
nan,nan,nan,nan,nan
nan,nan,nan,nan,nan
-1.444933056831359863e+00
nan,nan,nan
nan,nan,nan
-1.862723350524902344e+00
nan,nan,nan,nan,nan
nan,nan,nan,nan,nan
-2.313916444778442383e+00
nan,nan,nan
nan,nan,nan
-2.796229600906372070e+00
nan,nan,nan,nan,nan
nan,nan,nan,nan,nan
-3.307788610458374023e+00
nan,nan,nan
nan,nan,nan
-3.847019672393798828e+00
nan,nan,nan,nan,nan
nan,nan,nan,nan,nan
-4.412577629089355469e+00
nan,nan,nan
nan,nan,nan
-5.003295421600341797e+00
nan,nan,nan,nan,nan
nan,nan,nan,nan,nan
-7.218760848045349121e-01
nan,nan,nan
nan,nan,nan
-1.063408255577087402e+00
nan,nan,nan,nan,nan
nan,nan,nan,nan,nan
-1.444933056831359863e+00
nan,nan,nan
nan,nan,nan
-1.862723350524902344e+00
nan,nan,nan,nan,nan
nan,nan,nan,nan,nan
-2.313916444778442383e+00
nan,nan,nan
nan,nan,nan
-2.796229600906372070e+00
nan,nan,nan,nan,nan
nan,nan,nan,nan,nan
-3.307788610458374023e+00
nan,nan,nan
nan,nan,nan
-3.847019672393798828e+00
nan,nan,nan,nan,nan
nan,nan,nan,nan,nan
-4.412577629089355469e+00
nan,nan,nan
nan,nan,nan
-5.003295421600341797e+00
nan,nan,nan,nan,nan
nan,nan,nan,nan,nan
-7.218760848045349121e-01
nan,nan,nan
nan,nan,nan
-1.063408255577087402e+00
nan,nan,nan,nan,nan
nan,nan,nan,nan,nan
-1.444933056831359863e+00
nan,nan,nan
nan,nan,nan
-1.862723350524902344e+00
nan,nan,nan,nan,nan
nan,nan,nan,nan,nan
-2.313916444778442383e+00
nan,nan,nan
nan,nan,nan
-2.796229600906372070e+00
nan,nan,nan,nan,nan
nan,nan,nan,nan,nan
-3.307788610458374023e+00
nan,nan,nan
nan,nan,nan
-3.847019672393798828e+00
nan,nan,nan,nan,nan
nan,nan,nan,nan,nan
-4.412577629089355469e+00
nan,nan,nan
nan,nan,nan
-5.003295421600341797e+00
nan,nan,nan,nan,nan
nan,nan,nan,nan,nan
-7.218760848045349121e-01
nan,nan,nan
nan,nan,nan
-1.063408255577087402e+00
nan,nan,nan,nan,nan
nan,nan,nan,nan,nan
-1.444933056831359863e+00
nan,nan,nan
nan,nan,nan
-1.862723350524902344e+00
nan,nan,nan,nan,nan
nan,nan,nan,nan,nan
-2.313916444778442383e+00
nan,nan,nan
nan,nan,nan
-2.796229600906372070e+00
nan,nan,nan,nan,nan
nan,nan,nan,nan,nan
-3.307788610458374023e+00
nan,nan,nan
nan,nan,nan
-3.847019672393798828e+00
nan,nan,nan,nan,nan
nan,nan,nan,nan,nan
-4.412577629089355469e+00
nan,nan,nan
nan,nan,nan
-5.003295421600341797e+00
nan,nan,nan,nan,nan
nan,nan,nan,nan,nan
-7.218760848045349121e-01
nan,nan,nan
nan,nan,nan
-1.063408255577087402e+00
nan,nan,nan,nan,nan
nan,nan,nan,nan,nan
-1.444933056831359863e+00
nan,nan,nan
nan,nan,nan
-1.862723350524902344e+00
nan,nan,nan,nan,nan
nan,nan,nan,nan,nan
-2.313916444778442383e+00
nan,nan,nan
nan,nan,nan
-2.796229600906372070e+00
nan,nan,nan,nan,nan
nan,nan,nan,nan,nan
-3.307788610458374023e+00
nan,nan,nan
nan,nan,nan
-3.847019672393798828e+00
nan,nan,nan,nan,nan
nan,nan,nan,nan,nan
-4.412577629089355469e+00
nan,nan,nan
nan,nan,nan
-5.003295421600341797e+00
nan,nan,nan,nan,nan
nan,nan,nan,nan,nan
-0.000000000000000000e+00
