-1.599077284336090088e-01,3.893299773335456848e-02,2.334308028221130371e-01,1.269720345735549927e-01,4.984563961625099182e-02,4.912512749433517456e-02,1.359080076217651367e-01,1.258590072393417358e-01,1.359080076217651367e-01,4.912512749433517456e-02,4.984563961625099182e-02,1.269720345735549927e-01,2.334308028221130371e-01,3.893299773335456848e-02,-1.599077284336090088e-01
-6.279440969228744507e-02,-1.659123152494430542e-01,-5.778991058468818665e-02,-2.233486250042915344e-02,2.002112381160259247e-02,8.265586942434310913e-02,7.328692078590393066e-02,4.720707610249519348e-02,7.328692078590393066e-02,8.265586942434310913e-02,2.002112381160259247e-02,-2.233486250042915344e-02,-5.778991058468818665e-02,-1.659123152494430542e-01,-6.279440969228744507e-02
-1.570782065391540527e-02
-2.498657209798693657e-03,1.708170324563980103e-01,1.341212987899780273e-01,8.323203027248382568e-02,1.008811220526695251e-01,1.331222355365753174e-01,9.364715218544006348e-02,6.725980341434478760e-02,9.364715218544006348e-02,1.331222355365753174e-01,1.008811220526695251e-01,8.323203027248382568e-02,1.341212987899780273e-01,1.708170324563980103e-01,-2.498657209798693657e-03
-8.796413242816925049e-02,-4.444414004683494568e-02,4.421397671103477478e-02,1.698082871735095978e-02,2.932989969849586487e-02,6.478004157543182373e-02,8.414107561111450195e-02,6.010749936103820801e-02,8.414107561111450195e-02,6.478004157543182373e-02,2.932989969849586487e-02,1.698082871735095978e-02,4.421397671103477478e-02,-4.444414004683494568e-02,-8.796413242816925049e-02
-2.524691820144653320e-02
-3.164443187415599823e-03,1.309429854154586792e-01,1.458409875631332397e-01,1.379124671220779419e-01,1.213197112083435059e-01,4.773824661970138550e-02,5.265142023563385010e-02,1.128890961408615112e-01,5.265142023563385010e-02,4.773824661970138550e-02,1.213197112083435059e-01,1.379124671220779419e-01,1.458409875631332397e-01,1.309429854154586792e-01,-3.164443187415599823e-03
-1.428235918283462524e-01,-1.325799971818923950e-01,-1.145664602518081665e-02,4.179757460951805115e-02,3.560707718133926392e-02,9.049627184867858887e-02,6.843093037605285645e-02,7.466229051351547241e-02,6.843093037605285645e-02,9.049627184867858887e-02,3.560707718133926392e-02,4.179757460951805115e-02,-1.145664602518081665e-02,-1.325799971818923950e-01,-1.428235918283462524e-01
-3.611420467495918274e-02
-1.027622744441032410e-01,1.123815253376960754e-01,1.479208916425704956e-01,1.172227039933204651e-01,8.270599693059921265e-02,1.232449039816856384e-01,9.614487737417221069e-02,1.077088713645935059e-01,9.614487737417221069e-02,1.232449039816856384e-01,8.270599693059921265e-02,1.172227039933204651e-01,1.479208916425704956e-01,1.123815253376960754e-01,-1.027622744441032410e-01
-1.348062008619308472e-01,-1.707835793495178223e-01,-5.803476087749004364e-03,-1.320329681038856506e-02,-1.838267967104911804e-02,3.804624453186988831e-02,7.167986035346984863e-02,6.208011135458946228e-02,7.167986035346984863e-02,3.804624453186988831e-02,-1.838267967104911804e-02,-1.320329681038856506e-02,-5.803476087749004364e-03,-1.707835793495178223e-01,-1.348062008619308472e-01
-4.816866666078567505e-02
-1.977977752685546875e-01,-4.372591152787208557e-02,1.200533434748649597e-01,1.121828109025955200e-01,1.840716972947120667e-02,1.079290211200714111e-01,1.140557378530502319e-01,1.233588382601737976e-01,1.140557378530502319e-01,1.079290211200714111e-01,1.840716972947120667e-02,1.121828109025955200e-01,1.200533434748649597e-01,-4.372591152787208557e-02,-1.977977752685546875e-01
5.369408521801233292e-03,-2.287590801715850830e-01,-1.676813960075378418e-01,-4.593635350465774536e-02,3.306352347135543823e-02,4.247135668992996216e-02,1.045697107911109924e-01,1.004987061023712158e-01,1.045697107911109924e-01,4.247135668992996216e-02,3.306352347135543823e-02,-4.593635350465774536e-02,-1.676813960075378418e-01,-2.287590801715850830e-01,5.369408521801233292e-03
-6.130550801753997803e-02
-1.668096482753753662e-01,-1.596468389034271240e-01,5.144015327095985413e-02,1.686624288558959961e-01,1.427695751190185547e-01,1.481141746044158936e-01,4.980129748582839966e-02,5.737673118710517883e-02,4.980129748582839966e-02,1.481141746044158936e-01,1.427695751190185547e-01,1.686624288558959961e-01,5.144015327095985413e-02,-1.596468389034271240e-01,-1.668096482753753662e-01
1.007902696728706360e-01,-1.377676576375961304e-01,-1.986964941024780273e-01,-1.086699590086936951e-02,1.967653632164001465e-02,3.971895202994346619e-02,7.260118424892425537e-02,1.595465987920761108e-01,7.260118424892425537e-02,3.971895202994346619e-02,1.967653632164001465e-02,-1.086699590086936951e-02,-1.986964941024780273e-01,-1.377676576375961304e-01,1.007902696728706360e-01
-7.544320076704025269e-02
-5.627667158842086792e-02,-2.639447450637817383e-01,5.465659778565168381e-04,1.656481772661209106e-01,1.781827807426452637e-01,9.323906153440475464e-02,1.175591647624969482e-01,1.120126098394393921e-01,1.175591647624969482e-01,9.323906153440475464e-02,1.781827807426452637e-01,1.656481772661209106e-01,5.465659778565168381e-04,-2.639447450637817383e-01,-5.627667158842086792e-02
2.001306861639022827e-01,-9.258580207824707031e-02,-1.642386764287948608e-01,-7.494006305932998657e-02,8.875139057636260986e-03,-1.788087375462055206e-02,9.735613316297531128e-02,1.522336602210998535e-01,9.735613316297531128e-02,-1.788087375462055206e-02,8.875139057636260986e-03,-7.494006305932998657e-02,-1.642386764287948608e-01,-9.258580207824707031e-02,2.001306861639022827e-01
-9.051609784364700317e-02
6.678001582622528076e-02,-2.219007611274719238e-01,-1.316649913787841797e-01,1.269458681344985962e-01,1.596346646547317505e-01,1.255415230989456177e-01,9.078822284936904907e-02,1.240065172314643860e-01,9.078822284936904907e-02,1.255415230989456177e-01,1.596346646547317505e-01,1.269458681344985962e-01,-1.316649913787841797e-01,-2.219007611274719238e-01,6.678001582622528076e-02
2.304964363574981689e-01,9.268534928560256958e-02,-2.446593642234802246e-01,-1.512818932533264160e-01,-5.486012622714042664e-02,5.837550759315490723e-02,8.428395539522171021e-02,1.798733472824096680e-01,8.428395539522171021e-02,5.837550759315490723e-02,-5.486012622714042664e-02,-1.512818932533264160e-01,-2.446593642234802246e-01,9.268534928560256958e-02,2.304964363574981689e-01
-1.064698770642280579e-01
1.695631891489028931e-01,-1.811980456113815308e-01,-2.028205692768096924e-01,1.177523136138916016e-01,1.790060847997665405e-01,1.764770597219467163e-01,1.409996598958969116e-01,1.889958232641220093e-01,1.409996598958969116e-01,1.764770597219467163e-01,1.790060847997665405e-01,1.177523136138916016e-01,-2.028205692768096924e-01,-1.811980456113815308e-01,1.695631891489028931e-01
2.273607254028320312e-01,1.549604535102844238e-01,-1.363144516944885254e-01,-2.398211956024169922e-01,-4.452300816774368286e-02,3.525675088167190552e-02,1.584925949573516846e-01,1.519266515970230103e-01,1.584925949573516846e-01,3.525675088167190552e-02,-4.452300816774368286e-02,-2.398211956024169922e-01,-1.363144516944885254e-01,1.549604535102844238e-01,2.273607254028320312e-01
-1.232586652040481567e-01
3.179421424865722656e-01,-1.360922604799270630e-01,-2.259491384029388428e-01,-1.262043509632349014e-02,2.495578229427337646e-01,1.887417435646057129e-01,1.796255111694335938e-01,1.150115728378295898e-01,1.796255111694335938e-01,1.887417435646057129e-01,2.495578229427337646e-01,-1.262043509632349014e-02,-2.259491384029388428e-01,-1.360922604799270630e-01,3.179421424865722656e-01
1.257175356149673462e-01,2.142641693353652954e-01,-9.435171633958816528e-02,-2.422362118959426880e-01,-9.538930654525756836e-02,-7.756345439702272415e-03,1.148620471358299255e-01,1.374747008085250854e-01,1.148620471358299255e-01,-7.756345439702272415e-03,-9.538930654525756836e-02,-2.422362118959426880e-01,-9.435171633958816528e-02,2.142641693353652954e-01,1.257175356149673462e-01
-1.408430486917495728e-01
3.039868175983428955e-01,-1.300997380167245865e-02,-2.257302552461624146e-01,-1.545463874936103821e-02,2.505005300045013428e-01,2.068063169717788696e-01,2.175557464361190796e-01,1.718242764472961426e-01,2.175557464361190796e-01,2.068063169717788696e-01,2.505005300045013428e-01,-1.545463874936103821e-02,-2.257302552461624146e-01,-1.300997380167245865e-02,3.039868175983428955e-01
-9.863784909248352051e-02,3.232746422290802002e-01,-3.775118663907051086e-02,-2.164243012666702271e-01,-1.585776209831237793e-01,5.480853095650672913e-02,8.756366372108459473e-02,1.640629023313522339e-01,8.756366372108459473e-02,5.480853095650672913e-02,-1.585776209831237793e-01,-2.164243012666702271e-01,-3.775118663907051086e-02,3.232746422290802002e-01,-9.863784909248352051e-02
-1.591886878013610840e-01
1.400948762893676758e-01,1.097062081098556519e-01,-3.415090739727020264e-01,-7.564770430326461792e-02,1.671204715967178345e-01,2.502872943878173828e-01,1.931750923395156860e-01,2.222398519515991211e-01,1.931750923395156860e-01,2.502872943878173828e-01,1.671204715967178345e-01,-7.564770430326461792e-02,-3.415090739727020264e-01,1.097062081098556519e-01,1.400948762893676758e-01
-2.466987818479537964e-01,3.130329251289367676e-01,4.878062382340431213e-02,-2.109653949737548828e-01,-1.806110292673110962e-01,9.476534277200698853e-02,1.008784621953964233e-01,1.617114841938018799e-01,1.008784621953964233e-01,9.476534277200698853e-02,-1.806110292673110962e-01,-2.109653949737548828e-01,4.878062382340431213e-02,3.130329251289367676e-01,-2.466987818479537964e-01
-1.782653480768203735e-01
-1.026431564241647720e-02,2.472491562366485596e-01,-3.377275764942169189e-01,-1.165678426623344421e-01,1.161094531416893005e-01,2.755213677883148193e-01,1.848441362380981445e-01,2.464189380407333374e-01,1.848441362380981445e-01,2.755213677883148193e-01,1.161094531416893005e-01,-1.165678426623344421e-01,-3.377275764942169189e-01,2.472491562366485596e-01,-1.026431564241647720e-02
-2.382724732160568237e-01,2.106525599956512451e-01,1.729573309421539307e-01,-2.476456910371780396e-01,-1.932189166545867920e-01,5.209135264158248901e-02,1.549709737300872803e-01,1.507338732481002808e-01,1.549709737300872803e-01,5.209135264158248901e-02,-1.932189166545867920e-01,-2.476456910371780396e-01,1.729573309421539307e-01,2.106525599956512451e-01,-2.382724732160568237e-01
-1.980461031198501587e-01
-1.262144595384597778e-01,2.802375853061676025e-01,-2.660547196865081787e-01,-1.867786347866058350e-01,1.189046576619148254e-01,2.855099439620971680e-01,2.264682501554489136e-01,2.475118786096572876e-01,2.264682501554489136e-01,2.855099439620971680e-01,1.189046576619148254e-01,-1.867786347866058350e-01,-2.660547196865081787e-01,2.802375853061676025e-01,-1.262144595384597778e-01
-1.532392501831054688e-01,6.480622291564941406e-02,2.801714539527893066e-01,-2.709376811981201172e-01,-1.930697262287139893e-01,8.958312682807445526e-03,1.849123090505599976e-01,1.215520352125167847e-01,1.849123090505599976e-01,8.958312682807445526e-03,-1.930697262287139893e-01,-2.709376811981201172e-01,2.801714539527893066e-01,6.480622291564941406e-02,-1.532392501831054688e-01
-2.185067981481552124e-01
-1.487471461296081543e-01,2.468446195125579834e-01,-1.490545719861984253e-01,-2.744680047035217285e-01,1.342390477657318115e-01,2.727418839931488037e-01,2.682078480720520020e-01,2.168589532375335693e-01,2.682078480720520020e-01,2.727418839931488037e-01,1.342390477657318115e-01,-2.744680047035217285e-01,-1.490545719861984253e-01,2.468446195125579834e-01,-1.487471461296081543e-01
-5.806536599993705750e-02,-5.839423835277557373e-02,3.509546518325805664e-01,-2.371063530445098877e-01,-2.001018673181533813e-01,-6.634843070060014725e-03,1.947605013847351074e-01,1.191818788647651672e-01,1.947605013847351074e-01,-6.634843070060014725e-03,-2.001018673181533813e-01,-2.371063530445098877e-01,3.509546518325805664e-01,-5.839423835277557373e-02,-5.806536599993705750e-02
-2.396256029605865479e-01
-1.303893029689788818e-01,1.930217295885086060e-01,2.976814284920692444e-03,-3.463227152824401855e-01,1.223496943712234497e-01,2.546494603157043457e-01,3.071769177913665771e-01,1.965276598930358887e-01,3.071769177913665771e-01,2.546494603157043457e-01,1.223496943712234497e-01,-3.463227152824401855e-01,2.976814284920692444e-03,1.930217295885086060e-01,-1.303893029689788818e-01
3.513815999031066895e-02,-1.338429003953933716e-01,3.364557027816772461e-01,-2.022106647491455078e-01,-2.472271025180816650e-01,-4.419797332957386971e-04,1.811808198690414429e-01,1.348990201950073242e-01,1.811808198690414429e-01,-4.419797332957386971e-04,-2.472271025180816650e-01,-2.022106647491455078e-01,3.364557027816772461e-01,-1.338429003953933716e-01,3.513815999031066895e-02
-2.613826692104339600e-01
-1.352594643831253052e-01,7.797093689441680908e-02,1.072091758251190186e-01,-3.839971721172332764e-01,1.086854934692382812e-01,2.584286034107208252e-01,3.185514211654663086e-01,1.744421124458312988e-01,3.185514211654663086e-01,2.584286034107208252e-01,1.086854934692382812e-01,-3.839971721172332764e-01,1.072091758251190186e-01,7.797093689441680908e-02,-1.352594643831253052e-01
7.362113147974014282e-02,-1.961316913366317749e-01,2.689462602138519287e-01,-1.263829916715621948e-01,-3.009006679058074951e-01,3.678919048979878426e-03,1.502630859613418579e-01,1.648494154214859009e-01,1.502630859613418579e-01,3.678919048979878426e-03,-3.009006679058074951e-01,-1.263829916715621948e-01,2.689462602138519287e-01,-1.961316913366317749e-01,7.362113147974014282e-02
-2.837598025798797607e-01
-7.487826794385910034e-02,2.512593194842338562e-02,1.907431632280349731e-01,-3.957256972789764404e-01,6.530326604843139648e-02,2.735494077205657959e-01,3.208602964878082275e-01,1.817985028028488159e-01,3.208602964878082275e-01,2.735494077205657959e-01,6.530326604843139648e-02,-3.957256972789764404e-01,1.907431632280349731e-01,2.512593194842338562e-02,-7.487826794385910034e-02
8.824212849140167236e-02,-1.679765135049819946e-01,2.366418987512588501e-01,-1.134936884045600891e-02,-3.427141606807708740e-01,1.050271280109882355e-02,1.232263445854187012e-01,1.980868726968765259e-01,1.232263445854187012e-01,1.050271280109882355e-02,-3.427141606807708740e-01,-1.134936884045600891e-02,2.366418987512588501e-01,-1.679765135049819946e-01,8.824212849140167236e-02
-3.067403435707092285e-01
-2.257691323757171631e-02,-1.008105743676424026e-02,2.382080405950546265e-01,-3.791539669036865234e-01,6.325156893581151962e-03,2.989268898963928223e-01,3.038748800754547119e-01,1.926475912332534790e-01,3.038748800754547119e-01,2.989268898963928223e-01,6.325156893581151962e-03,-3.791539669036865234e-01,2.382080405950546265e-01,-1.008105743676424026e-02,-2.257691323757171631e-02
6.691153347492218018e-02,-1.283482164144515991e-01,1.916624307632446289e-01,9.056188166141510010e-02,-3.806091248989105225e-01,2.604319248348474503e-03,9.752505272626876831e-02,2.191789150238037109e-01,9.752505272626876831e-02,2.604319248348474503e-03,-3.806091248989105225e-01,9.056188166141510010e-02,1.916624307632446289e-01,-1.283482164144515991e-01,6.691153347492218018e-02
-3.303088247776031494e-01
-1.975151896476745605e-02,-4.630711674690246582e-02,2.701896429061889648e-01,-3.300573527812957764e-01,-6.533960998058319092e-02,3.273933231830596924e-01,2.895062267780303955e-01,2.185598313808441162e-01,2.895062267780303955e-01,3.273933231830596924e-01,-6.533960998058319092e-02,-3.300573527812957764e-01,2.701896429061889648e-01,-4.630711674690246582e-02,-1.975151896476745605e-02
8.262595534324645996e-02,-1.143896505236625671e-01,7.882896810770034790e-02,1.401002556085586548e-01,-3.965270817279815674e-01,-1.230686716735363007e-02,8.488900214433670044e-02,2.325388938188552856e-01,8.488900214433670044e-02,-1.230686716735363007e-02,-3.965270817279815674e-01,1.401002556085586548e-01,7.882896810770034790e-02,-1.143896505236625671e-01,8.262595534324645996e-02
-3.544510006904602051e-01
9.124310687184333801e-03,-5.457551404833793640e-02,2.434250265359878540e-01,-2.979435324668884277e-01,-1.373557001352310181e-01,3.578947782516479492e-01,2.702759802341461182e-01,2.386962622404098511e-01,2.702759802341461182e-01,3.578947782516479492e-01,-1.373557001352310181e-01,-2.979435324668884277e-01,2.434250265359878540e-01,-5.457551404833793640e-02,9.124310687184333801e-03
2.372345700860023499e-02,-6.213487684726715088e-02,6.549704074859619141e-02,2.259874492883682251e-01,-3.842369616031646729e-01,-3.244453668594360352e-02,8.804423362016677856e-02,2.358456999063491821e-01,8.804423362016677856e-02,-3.244453668594360352e-02,-3.842369616031646729e-01,2.259874492883682251e-01,6.549704074859619141e-02,-6.213487684726715088e-02,2.372345700860023499e-02
-3.791535198688507080e-01
5.497168749570846558e-03,-6.154225021600723267e-02,2.226411700248718262e-01,-2.374083399772644043e-01,-1.933331787586212158e-01,3.889758586883544922e-01,2.677071690559387207e-01,2.681782245635986328e-01,2.677071690559387207e-01,3.889758586883544922e-01,-1.933331787586212158e-01,-2.374083399772644043e-01,2.226411700248718262e-01,-6.154225021600723267e-02,5.497168749570846558e-03
1.107599213719367981e-02,-3.491457551717758179e-02,1.031085941940546036e-02,2.499184608459472656e-01,-3.760742247104644775e-01,-7.137301564216613770e-02,9.784938395023345947e-02,2.328485399484634399e-01,9.784938395023345947e-02,-7.137301564216613770e-02,-3.760742247104644775e-01,2.499184608459472656e-01,1.031085941940546036e-02,-3.491457551717758179e-02,1.107599213719367981e-02
-4.044040143489837646e-01
2.037211693823337555e-02,-3.234778344631195068e-02,1.994701772928237915e-01,-1.890175193548202515e-01,-2.538829147815704346e-01,4.028301835060119629e-01,2.574215829372406006e-01,2.793402671813964844e-01,2.574215829372406006e-01,4.028301835060119629e-01,-2.538829147815704346e-01,-1.890175193548202515e-01,1.994701772928237915e-01,-3.234778344631195068e-02,2.037211693823337555e-02
-1.982141099870204926e-02,-8.636085316538810730e-03,-1.489515043795108795e-02,2.720628678798675537e-01,-3.464631438255310059e-01,-1.132155284285545349e-01,1.057976037263870239e-01,2.181393653154373169e-01,1.057976037263870239e-01,-1.132155284285545349e-01,-3.464631438255310059e-01,2.720628678798675537e-01,-1.489515043795108795e-02,-8.636085316538810730e-03,-1.982141099870204926e-02
-4.301908016204833984e-01
3.523842897266149521e-03,-2.534271031618118286e-02,1.716412454843521118e-01,-1.374409496784210205e-01,-3.008883595466613770e-01,4.036376774311065674e-01,2.497177422046661377e-01,2.804339230060577393e-01,2.497177422046661377e-01,4.036376774311065674e-01,-3.008883595466613770e-01,-1.374409496784210205e-01,1.716412454843521118e-01,-2.534271031618118286e-02,3.523842897266149521e-03
-2.427048981189727783e-02,5.730869248509407043e-03,-4.303619638085365295e-02,2.780470550060272217e-01,-3.045001626014709473e-01,-1.541320681571960449e-01,1.265662610530853271e-01,2.083751410245895386e-01,1.265662610530853271e-01,-1.541320681571960449e-01,-3.045001626014709473e-01,2.780470550060272217e-01,-4.303619638085365295e-02,5.730869248509407043e-03,-2.427048981189727783e-02
-4.565029740333557129e-01
-1.616445020772516727e-03,-4.033651668578386307e-03,1.475341320037841797e-01,-9.003005176782608032e-02,-3.371128737926483154e-01,4.002669751644134521e-01,2.570693492889404297e-01,2.850761413574218750e-01,2.570693492889404297e-01,4.002669751644134521e-01,-3.371128737926483154e-01,-9.003005176782608032e-02,1.475341320037841797e-01,-4.033651668578386307e-03,-1.616445020772516727e-03
-3.755187615752220154e-02,1.185993757098913193e-02,-5.905381962656974792e-02,2.729980647563934326e-01,-2.577326595783233643e-01,-1.950958073139190674e-01,1.407159417867660522e-01,1.915052831172943115e-01,1.407159417867660522e-01,-1.950958073139190674e-01,-2.577326595783233643e-01,2.729980647563934326e-01,-5.905381962656974792e-02,1.185993757098913193e-02,-3.755187615752220154e-02
-4.833302795886993408e-01
-1.436377875506877899e-02,7.473550736904144287e-03,1.180136203765869141e-01,-5.110966414213180542e-02,-3.600238859653472900e-01,3.902050256729125977e-01,2.641745507717132568e-01,2.766042649745941162e-01,2.641745507717132568e-01,3.902050256729125977e-01,-3.600238859653472900e-01,-5.110966414213180542e-02,1.180136203765869141e-01,7.473550736904144287e-03,-1.436377875506877899e-02
-3.265532106161117554e-02,1.417444925755262375e-02,-7.349113374948501587e-02,2.505428791046142578e-01,-2.222676128149032593e-01,-2.451797723770141602e-01,1.511101871728897095e-01,1.794541925191879272e-01,1.511101871728897095e-01,-2.451797723770141602e-01,-2.222676128149032593e-01,2.505428791046142578e-01,-7.349113374948501587e-02,1.417444925755262375e-02,-3.265532106161117554e-02
-5.106630325317382812e-01
-4.335155710577964783e-02,-3.836931893602013588e-03,8.919896930456161499e-02,-9.668426355347037315e-04,-3.532759845256805420e-01,3.847693800926208496e-01,2.839960753917694092e-01,2.710668444633483887e-01,2.839960753917694092e-01,3.847693800926208496e-01,-3.532759845256805420e-01,-9.668426355347037315e-04,8.919896930456161499e-02,-3.836931893602013588e-03,-4.335155710577964783e-02
-1.691824011504650116e-02,1.519424561411142349e-02,-8.299774676561355591e-02,2.289567589759826660e-01,-1.777182221412658691e-01,-2.855099141597747803e-01,1.644766032695770264e-01,1.725580245256423950e-01,1.644766032695770264e-01,-2.855099141597747803e-01,-1.777182221412658691e-01,2.289567589759826660e-01,-8.299774676561355591e-02,1.519424561411142349e-02,-1.691824011504650116e-02
-5.384919643402099609e-01
-3.310674801468849182e-02,3.388506919145584106e-02,7.983513921499252319e-02,1.788224652409553528e-02,-3.698607087135314941e-01,3.581649959087371826e-01,3.007125556468963623e-01,2.598124146461486816e-01,3.007125556468963623e-01,3.581649959087371826e-01,-3.698607087135314941e-01,1.788224652409553528e-02,7.983513921499252319e-02,3.388506919145584106e-02,-3.310674801468849182e-02
-2.737080492079257965e-02,1.596559397876262665e-02,-6.790914386510848999e-02,2.169380635023117065e-01,-1.277024298906326294e-01,-3.148936927318572998e-01,1.697524338960647583e-01,1.588903069496154785e-01,1.697524338960647583e-01,-3.148936927318572998e-01,-1.277024298906326294e-01,2.169380635023117065e-01,-6.790914386510848999e-02,1.596559397876262665e-02,-2.737080492079257965e-02
-5.668085217475891113e-01
-5.362005531787872314e-02,2.089586667716503143e-02,5.100775137543678284e-02,4.394080862402915955e-02,-3.597262799739837646e-01,3.364562690258026123e-01,3.190596401691436768e-01,2.435508221387863159e-01,3.190596401691436768e-01,3.364562690258026123e-01,-3.597262799739837646e-01,4.394080862402915955e-02,5.100775137543678284e-02,2.089586667716503143e-02,-5.362005531787872314e-02
-2.073369687423110008e-03,6.253195926547050476e-03,-8.199777454137802124e-02,1.827880740165710449e-01,-9.038463979959487915e-02,-3.467634916305541992e-01,1.767235994338989258e-01,1.607197672128677368e-01,1.767235994338989258e-01,-3.467634916305541992e-01,-9.038463979959487915e-02,1.827880740165710449e-01,-8.199777454137802124e-02,6.253195926547050476e-03,-2.073369687423110008e-03
-5.956043004989624023e-01
-4.315781593322753906e-02,5.581739917397499084e-02,5.577297508716583252e-02,5.681535229086875916e-02,-3.624412417411804199e-01,3.014838397502899170e-01,3.340943753719329834e-01,2.245075106620788574e-01,3.340943753719329834e-01,3.014838397502899170e-01,-3.624412417411804199e-01,5.681535229086875916e-02,5.577297508716583252e-02,5.581739917397499084e-02,-4.315781593322753906e-02
-1.965809427201747894e-02,6.906775757670402527e-03,-5.089009925723075867e-02,1.797447651624679565e-01,-4.100553318858146667e-02,-3.666229248046875000e-01,1.713418960571289062e-01,1.501879990100860596e-01,1.713418960571289062e-01,-3.666229248046875000e-01,-4.100553318858146667e-02,1.797447651624679565e-01,-5.089009925723075867e-02,6.906775757670402527e-03,-1.965809427201747894e-02
-6.248716115951538086e-01
-6.296332180500030518e-02,2.405587956309318542e-02,1.901809312403202057e-02,7.432868331670761108e-02,-3.342635929584503174e-01,2.859893441200256348e-01,3.667948544025421143e-01,2.197037637233734131e-01,3.667948544025421143e-01,2.859893441200256348e-01,-3.342635929584503174e-01,7.432868331670761108e-02,1.901809312403202057e-02,2.405587956309318542e-02,-6.296332180500030518e-02
1.610869914293289185e-02,-4.499488975852727890e-03,-7.272201776504516602e-02,1.365950703620910645e-01,-1.032736618071794510e-02,-3.835373520851135254e-01,1.715520769357681274e-01,1.556453853845596313e-01,1.715520769357681274e-01,-3.835373520851135254e-01,-1.032736618071794510e-02,1.365950703620910645e-01,-7.272201776504516602e-02,-4.499488975852727890e-03,1.610869914293289185e-02
-6.546028852462768555e-01
-5.016110464930534363e-02,5.204905942082405090e-02,2.209554053843021393e-02,7.202061265707015991e-02,-3.325416743755340576e-01,2.477024793624877930e-01,3.784323036670684814e-01,1.969200372695922852e-01,3.784323036670684814e-01,2.477024793624877930e-01,-3.325416743755340576e-01,7.202061265707015991e-02,2.209554053843021393e-02,5.204905942082405090e-02,-5.016110464930534363e-02
-9.623565129004418850e-04,-8.710192516446113586e-03,-4.050164297223091125e-02,1.357394307851791382e-01,2.570557035505771637e-02,-4.019874036312103271e-01,1.590495258569717407e-01,1.570251584053039551e-01,1.590495258569717407e-01,-4.019874036312103271e-01,2.570557035505771637e-02,1.357394307851791382e-01,-4.050164297223091125e-02,-8.710192516446113586e-03,-9.623565129004418850e-04
-6.847910881042480469e-01
-4.851112142205238342e-02,2.825958095490932465e-02,-2.741334959864616394e-03,9.218611568212509155e-02,-2.913274466991424561e-01,2.270028144121170044e-01,3.964165747165679932e-01,1.817165166139602661e-01,3.964165747165679932e-01,2.270028144121170044e-01,-2.913274466991424561e-01,9.218611568212509155e-02,-2.741334959864616394e-03,2.825958095490932465e-02,-4.851112142205238342e-02
3.774516656994819641e-02,-7.015278562903404236e-03,-7.550819963216781616e-02,7.136047631502151489e-02,4.752006754279136658e-02,-3.928231894969940186e-01,1.777041405439376831e-01,1.792270094156265259e-01,1.777041405439376831e-01,-3.928231894969940186e-01,4.752006754279136658e-02,7.136047631502151489e-02,-7.550819963216781616e-02,-7.015278562903404236e-03,3.774516656994819641e-02
-7.154292464256286621e-01
-4.726003110408782959e-02,4.325876012444496155e-02,1.027850012178532779e-04,7.489661127328872681e-02,-2.977539300918579102e-01,1.927443891763687134e-01,4.272423386573791504e-01,1.824659854173660278e-01,4.272423386573791504e-01,1.927443891763687134e-01,-2.977539300918579102e-01,7.489661127328872681e-02,1.027850012178532779e-04,4.325876012444496155e-02,-4.726003110408782959e-02
8.961366489529609680e-03,-2.282153815031051636e-02,-2.846200019121170044e-02,9.069368243217468262e-02,6.767858564853668213e-02,-4.241500496864318848e-01,1.374802142381668091e-01,1.754606664180755615e-01,1.374802142381668091e-01,-4.241500496864318848e-01,6.767858564853668213e-02,9.069368243217468262e-02,-2.846200019121170044e-02,-2.282153815031051636e-02,8.961366489529609680e-03
-7.465110421180725098e-01
-3.954582288861274719e-02,4.274444654583930969e-02,-4.017177503556013107e-03,7.606807351112365723e-02,-2.749892175197601318e-01,1.658355295658111572e-01,4.429315328598022461e-01,1.706486493349075317e-01,4.429315328598022461e-01,1.658355295658111572e-01,-2.749892175197601318e-01,7.606807351112365723e-02,-4.017177503556013107e-03,4.274444654583930969e-02,-3.954582288861274719e-02
1.345975603908300400e-02,-2.747050672769546509e-02,-1.739454828202724457e-02,7.887878268957138062e-02,8.983724564313888550e-02,-4.286164641380310059e-01,1.233237609267234802e-01,1.872786283493041992e-01,1.233237609267234802e-01,-4.286164641380310059e-01,8.983724564313888550e-02,7.887878268957138062e-02,-1.739454828202724457e-02,-2.747050672769546509e-02,1.345975603908300400e-02
-7.780300974845886230e-01
-3.978773579001426697e-02,6.333712954074144363e-03,-2.529403381049633026e-02,9.704580157995223999e-02,-2.285431772470474243e-01,1.463547199964523315e-01,4.583799540996551514e-01,1.626693308353424072e-01,4.583799540996551514e-01,1.463547199964523315e-01,-2.285431772470474243e-01,9.704580157995223999e-02,-2.529403381049633026e-02,6.333712954074144363e-03,-3.978773579001426697e-02
5.705258995294570923e-02,-1.907105743885040283e-02,-4.490256309509277344e-02,3.143744543194770813e-02,1.092971265316009521e-01,-4.095722734928131104e-01,1.350947618484497070e-01,2.152272462844848633e-01,1.350947618484497070e-01,-4.095722734928131104e-01,1.092971265316009521e-01,3.143744543194770813e-02,-4.490256309509277344e-02,-1.907105743885040283e-02,5.705258995294570923e-02
-8.099804520606994629e-01
-2.725616469979286194e-02,3.144686669111251831e-02,-1.234846562147140503e-02,7.091207057237625122e-02,-2.381552308797836304e-01,1.132007241249084473e-01,4.806148111820220947e-01,1.645842194557189941e-01,4.806148111820220947e-01,1.132007241249084473e-01,-2.381552308797836304e-01,7.091207057237625122e-02,-1.234846562147140503e-02,3.144686669111251831e-02,-2.725616469979286194e-02
2.754089795053005219e-02,-3.481243550777435303e-02,-9.873547591269016266e-03,4.243350028991699219e-02,1.137546598911285400e-01,-4.289628863334655762e-01,9.521075338125228882e-02,2.187700122594833374e-01,9.521075338125228882e-02,-4.289628863334655762e-01,1.137546598911285400e-01,4.243350028991699219e-02,-9.873547591269016266e-03,-3.481243550777435303e-02,2.754089795053005219e-02
-8.423564434051513672e-01
-2.382590249180793762e-02,2.203406393527984619e-02,-1.784474216401576996e-02,6.584364175796508789e-02,-2.192949503660202026e-01,8.967016637325286865e-02,4.942814409732818604e-01,1.610822379589080811e-01,4.942814409732818604e-01,8.967016637325286865e-02,-2.192949503660202026e-01,6.584364175796508789e-02,-1.784474216401576996e-02,2.203406393527984619e-02,-2.382590249180793762e-02
3.509689122438430786e-02,-3.732030093669891357e-02,-1.148101035505533218e-02,1.958207227289676666e-02,1.164355352520942688e-01,-4.272170364856719971e-01,7.598696649074554443e-02,2.305341660976409912e-01,7.598696649074554443e-02,-4.272170364856719971e-01,1.164355352520942688e-01,1.958207227289676666e-02,-1.148101035505533218e-02,-3.732030093669891357e-02,3.509689122438430786e-02
-8.751524686813354492e-01
-1.560657750815153122e-02,2.842270024120807648e-02,-1.023349259048700333e-02,5.907767638564109802e-02,-2.058237195014953613e-01,6.288985162973403931e-02,5.022889971733093262e-01,1.563562154769897461e-01,5.022889971733093262e-01,6.288985162973403931e-02,-2.058237195014953613e-01,5.907767638564109802e-02,-1.023349259048700333e-02,2.842270024120807648e-02,-1.560657750815153122e-02
1.713943667709827423e-02,-3.967717289924621582e-02,9.403282776474952698e-03,1.689293608069419861e-02,1.216877847909927368e-01,-4.252602159976959229e-01,5.256487056612968445e-02,2.386915236711502075e-01,5.256487056612968445e-02,-4.252602159976959229e-01,1.216877847909927368e-01,1.689293608069419861e-02,9.403282776474952698e-03,-3.967717289924621582e-02,1.713943667709827423e-02
-9.083632230758666992e-01
-9.516772115603089333e-04,5.829335749149322510e-02,1.608221046626567841e-02,5.013294517993927002e-02,-2.049947679042816162e-01,2.425255067646503448e-02,4.949441254138946533e-01,1.419141739606857300e-01,4.949441254138946533e-01,2.425255067646503448e-02,-2.049947679042816162e-01,5.013294517993927002e-02,1.608221046626567841e-02,5.829335749149322510e-02,-9.516772115603089333e-04
-2.962093614041805267e-02,-4.458524286746978760e-02,5.312117189168930054e-02,3.994804620742797852e-02,1.387387067079544067e-01,-4.211932122707366943e-01,2.126615308225154877e-02,2.375552654266357422e-01,2.126615308225154877e-02,-4.211932122707366943e-01,1.387387067079544067e-01,3.994804620742797852e-02,5.312117189168930054e-02,-4.458524286746978760e-02,-2.962093614041805267e-02
-9.419835805892944336e-01
-1.372104696929454803e-02,-2.608718909323215485e-02,-3.697416186332702637e-02,6.984488666057586670e-02,-1.432338505983352661e-01,3.234044834971427917e-02,5.178875923156738281e-01,1.543036997318267822e-01,5.178875923156738281e-01,3.234044834971427917e-02,-1.432338505983352661e-01,6.984488666057586670e-02,-3.697416186332702637e-02,-2.608718909323215485e-02,-1.372104696929454803e-02
5.616506561636924744e-02,-3.052005171775817871e-02,-1.660539768636226654e-02,-3.417925164103507996e-02,1.310123652219772339e-01,-3.984809219837188721e-01,2.529830113053321838e-02,2.705366313457489014e-01,2.529830113053321838e-02,-3.984809219837188721e-01,1.310123652219772339e-01,-3.417925164103507996e-02,-1.660539768636226654e-02,-3.052005171775817871e-02,5.616506561636924744e-02
-9.760087132453918457e-01
-6.762128323316574097e-03,4.898108309134840965e-04,-9.587267413735389709e-03,5.140953883528709412e-02,-1.522930264472961426e-01,2.183962147682905197e-03,5.242769718170166016e-01,1.573502123355865479e-01,5.242769718170166016e-01,2.183962147682905197e-03,-1.522930264472961426e-01,5.140953883528709412e-02,-9.587267413735389709e-03,4.898108309134840965e-04,-6.762128323316574097e-03
3.307782486081123352e-02,-3.498653694987297058e-02,6.381983403116464615e-03,-2.730368077754974365e-02,1.355819404125213623e-01,-3.873253464698791504e-01,8.117805235087871552e-03,2.815432846546173096e-01,8.117805235087871552e-03,-3.873253464698791504e-01,1.355819404125213623e-01,-2.730368077754974365e-02,6.381983403116464615e-03,-3.498653694987297058e-02,3.307782486081123352e-02
-1.010433793067932129e+00
6.601502653211355209e-03,3.582966700196266174e-02,1.855860091745853424e-02,3.026820160448551178e-02,-1.626825928688049316e-01,-2.866351976990699768e-02,5.190451741218566895e-01,1.514262706041336060e-01,5.190451741218566895e-01,-2.866351976990699768e-02,-1.626825928688049316e-01,3.026820160448551178e-02,1.855860091745853424e-02,3.582966700196266174e-02,6.601502653211355209e-03
-1.535510178655385971e-02,-4.720042645931243896e-02,4.423667863011360168e-02,-2.844212576746940613e-03,1.407495439052581787e-01,-3.864205181598663330e-01,-2.371855452656745911e-02,2.859153747558593750e-01,-2.371855452656745911e-02,-3.864205181598663330e-01,1.407495439052581787e-01,-2.844212576746940613e-03,4.423667863011360168e-02,-4.720042645931243896e-02,-1.535510178655385971e-02
-1.045254230499267578e+00
-1.980254426598548889e-03,-3.367552161216735840e-02,-2.452824078500270844e-02,5.485485494136810303e-02,-9.586203843355178833e-02,-1.192835904657840729e-02,5.313094258308410645e-01,1.595297008752822876e-01,5.313094258308410645e-01,-1.192835904657840729e-02,-9.586203843355178833e-02,5.485485494136810303e-02,-2.452824078500270844e-02,-3.367552161216735840e-02,-1.980254426598548889e-03
4.846046119928359985e-02,-1.584056578576564789e-02,1.598653756082057953e-02,-3.791052103042602539e-02,1.510536670684814453e-01,-3.554853498935699463e-01,-2.737840823829174042e-02,3.040921390056610107e-01,-2.737840823829174042e-02,-3.554853498935699463e-01,1.510536670684814453e-01,-3.791052103042602539e-02,1.598653756082057953e-02,-1.584056578576564789e-02,4.846046119928359985e-02
-1.080465555191040039e+00
1.417001127265393734e-03,9.506544098258018494e-03,1.353337429463863373e-02,2.096194773912429810e-02,-1.273098737001419067e-01,-4.248393699526786804e-02,5.367627143859863281e-01,1.683596968650817871e-01,5.367627143859863281e-01,-4.248393699526786804e-02,-1.273098737001419067e-01,2.096194773912429810e-02,1.353337429463863373e-02,9.506544098258018494e-03,1.417001127265393734e-03
6.366258487105369568e-03,-3.653486818075180054e-02,3.632615506649017334e-02,-3.207281604409217834e-02,1.342229992151260376e-01,-3.597948849201202393e-01,-5.918098986148834229e-02,3.071856796741485596e-01,-5.918098986148834229e-02,-3.597948849201202393e-01,1.342229992151260376e-01,-3.207281604409217834e-02,3.632615506649017334e-02,-3.653486818075180054e-02,6.366258487105369568e-03
-1.116063475608825684e+00
7.778492872603237629e-04,1.547739189118146896e-02,2.404407411813735962e-02,1.020912267267704010e-02,-1.211436614394187927e-01,-5.413305014371871948e-02,5.354908704757690430e-01,1.701669096946716309e-01,5.354908704757690430e-01,-5.413305014371871948e-02,-1.211436614394187927e-01,1.020912267267704010e-02,2.404407411813735962e-02,1.547739189118146896e-02,7.778492872603237629e-04
-7.122020702809095383e-03,-3.877724707126617432e-02,4.752117767930030823e-02,-3.215068578720092773e-02,1.288606077432632446e-01,-3.517946004867553711e-01,-8.535920828580856323e-02,3.087228536605834961e-01,-8.535920828580856323e-02,-3.517946004867553711e-01,1.288606077432632446e-01,-3.215068578720092773e-02,4.752117767930030823e-02,-3.877724707126617432e-02,-7.122020702809095383e-03
-1.152043938636779785e+00
-1.739596575498580933e-02,-2.480326034128665924e-02,6.207861471921205521e-03,1.883272454142570496e-02,-8.937936276197433472e-02,-5.287773534655570984e-02,5.394316911697387695e-01,1.790282279253005981e-01,5.394316911697387695e-01,-5.287773534655570984e-02,-8.937936276197433472e-02,1.883272454142570496e-02,6.207861471921205521e-03,-2.480326034128665924e-02,-1.739596575498580933e-02
4.181094840168952942e-02,-1.769797317683696747e-02,9.509058669209480286e-03,-8.115077763795852661e-02,1.199499070644378662e-01,-3.215171396732330322e-01,-9.159368276596069336e-02,3.116957843303680420e-01,-9.159368276596069336e-02,-3.215171396732330322e-01,1.199499070644378662e-01,-8.115077763795852661e-02,9.509058669209480286e-03,-1.769797317683696747e-02,4.181094840168952942e-02
-1.188402771949768066e+00
-9.913594461977481842e-03,3.972207754850387573e-02,5.814724788069725037e-02,-1.144135836511850357e-02,-1.246009171009063721e-01,-9.803413599729537964e-02,5.095720291137695312e-01,1.630364209413528442e-01,5.095720291137695312e-01,-9.803413599729537964e-02,-1.246009171009063721e-01,-1.144135836511850357e-02,5.814724788069725037e-02,3.972207754850387573e-02,-9.913594461977481842e-03
-3.335843980312347412e-02,-1.946718059480190277e-02,8.871810883283615112e-02,-2.156282588839530945e-02,1.451650410890579224e-01,-3.081105351448059082e-01,-1.342609673738479614e-01,2.739051878452301025e-01,-1.342609673738479614e-01,-3.081105351448059082e-01,1.451650410890579224e-01,-2.156282588839530945e-02,8.871810883283615112e-02,-1.946718059480190277e-02,-3.335843980312347412e-02
-1.225136160850524902e+00
-6.381596624851226807e-02,-3.326353803277015686e-02,2.432979829609394073e-02,1.334482431411743164e-02,-6.286520510911941528e-02,-6.847369670867919922e-02,5.118402838706970215e-01,1.657847017049789429e-01,5.118402838706970215e-01,-6.847369670867919922e-02,-6.286520510911941528e-02,1.334482431411743164e-02,2.432979829609394073e-02,-3.326353803277015686e-02,-6.381596624851226807e-02
1.474481727927923203e-02,-3.289540857076644897e-02,-6.951272953301668167e-04,-9.044606983661651611e-02,1.299516409635543823e-01,-2.803187072277069092e-01,-1.284429579973220825e-01,2.985690534114837646e-01,-1.284429579973220825e-01,-2.803187072277069092e-01,1.299516409635543823e-01,-9.044606983661651611e-02,-6.951272953301668167e-04,-3.289540857076644897e-02,1.474481727927923203e-02
-1.262240409851074219e+00
-7.291813194751739502e-02,2.225722186267375946e-03,6.655159592628479004e-02,1.205751672387123108e-02,-6.505113095045089722e-02,-9.130886942148208618e-02,4.906658828258514404e-01,1.582075953483581543e-01,4.906658828258514404e-01,-9.130886942148208618e-02,-6.505113095045089722e-02,1.205751672387123108e-02,6.655159592628479004e-02,2.225722186267375946e-03,-7.291813194751739502e-02
-4.492223262786865234e-02,-5.101190507411956787e-02,6.468258053064346313e-02,-5.872979294508695602e-03,1.719278991222381592e-01,-2.798511385917663574e-01,-1.556245833635330200e-01,3.112520873546600342e-01,-1.556245833635330200e-01,-2.798511385917663574e-01,1.719278991222381592e-01,-5.872979294508695602e-03,6.468258053064346313e-02,-5.101190507411956787e-02,-4.492223262786865234e-02
-1.299711704254150391e+00
9.919515252113342285e-02,-4.522438347339630127e-02,-2.883849083445966244e-04,-2.721587195992469788e-02,4.160241037607192993e-02,-1.120774969458580017e-01,2.361395359039306641e-01,6.633079648017883301e-01,2.361395359039306641e-01,-1.120774969458580017e-01,4.160241037607192993e-02,-2.721587195992469788e-02,-2.883849083445966244e-04,-4.522438347339630127e-02,9.919515252113342285e-02
5.287014693021774292e-02,7.261767983436584473e-02,-5.510542541742324829e-02,-5.320313945412635803e-02,2.598659880459308624e-02,5.206020432524383068e-04,-2.617109715938568115e-01,5.719324350357055664e-01,-2.617109715938568115e-01,5.206020432524383068e-04,2.598659880459308624e-02,-5.320313945412635803e-02,-5.510542541742324829e-02,7.261767983436584473e-02,5.287014693021774292e-02
-0.000000000000000000e+00
