-9.376964718103408813e-02,-1.241410896182060242e-01,8.425527252256870270e-03,1.529814600944519043e-01,9.814674407243728638e-02,1.106591671705245972e-01,1.129780188202857971e-01,9.967342764139175415e-02,5.018624290823936462e-02,9.967342764139175415e-02,1.129780188202857971e-01,1.106591671705245972e-01,9.814674407243728638e-02,1.529814600944519043e-01,8.425527252256870270e-03,-1.241410896182060242e-01,-9.376964718103408813e-02
1.211900636553764343e-01,-1.546681821346282959e-01,-1.883955597877502441e-01,-3.539516031742095947e-02,1.901253312826156616e-02,2.441913820803165436e-02,4.741271212697029114e-02,8.752378821372985840e-02,9.331714361906051636e-02,8.752378821372985840e-02,4.741271212697029114e-02,2.441913820803165436e-02,1.901253312826156616e-02,-3.539516031742095947e-02,-1.883955597877502441e-01,-1.546681821346282959e-01,1.211900636553764343e-01
-1.570782065391540527e-02
-6.742735952138900757e-02,1.275361925363540649e-01,1.315530836582183838e-01,8.932402729988098145e-02,1.248295977711677551e-01,1.259633600711822510e-01,7.961262017488479614e-02,6.499812006950378418e-02,1.033140122890472412e-01,6.499812006950378418e-02,7.961262017488479614e-02,1.259633600711822510e-01,1.248295977711677551e-01,8.932402729988098145e-02,1.315530836582183838e-01,1.275361925363540649e-01,-6.742735952138900757e-02
-6.762742996215820312e-02,-1.126057952642440796e-01,-7.359631359577178955e-02,1.065739989280700684e-02,4.144344944506883621e-03,3.097265027463436127e-02,6.652877479791641235e-02,8.586820960044860840e-02,5.947996675968170166e-02,8.586820960044860840e-02,6.652877479791641235e-02,3.097265027463436127e-02,4.144344944506883621e-03,1.065739989280700684e-02,-7.359631359577178955e-02,-1.126057952642440796e-01,-6.762742996215820312e-02
-2.524691820144653320e-02
-1.303702145814895630e-01,6.810917705297470093e-02,9.780444949865341187e-02,1.099706441164016724e-01,1.131251603364944458e-01,1.208402737975120544e-01,7.506291568279266357e-02,1.056217700242996216e-01,1.180891767144203186e-01,1.056217700242996216e-01,7.506291568279266357e-02,1.208402737975120544e-01,1.131251603364944458e-01,1.099706441164016724e-01,9.780444949865341187e-02,6.810917705297470093e-02,-1.303702145814895630e-01
-5.296981707215309143e-02,-2.044578641653060913e-01,-1.067237704992294312e-01,-6.964041851460933685e-03,1.023240014910697937e-02,1.204132661223411560e-02,9.064619988203048706e-02,7.901842892169952393e-02,8.258928358554840088e-02,7.901842892169952393e-02,9.064619988203048706e-02,1.204132661223411560e-02,1.023240014910697937e-02,-6.964041851460933685e-03,-1.067237704992294312e-01,-2.044578641653060913e-01,-5.296981707215309143e-02
-3.611420467495918274e-02
-9.501356631517410278e-02,-1.434008479118347168e-01,2.541085332632064819e-02,1.322464346885681152e-01,1.530952602624893188e-01,1.001185402274131775e-01,1.075365319848060608e-01,7.578426599502563477e-02,1.040214523673057556e-01,7.578426599502563477e-02,1.075365319848060608e-01,1.001185402274131775e-01,1.530952602624893188e-01,1.322464346885681152e-01,2.541085332632064819e-02,-1.434008479118347168e-01,-9.501356631517410278e-02
5.795009434223175049e-02,-1.770219951868057251e-01,-1.661451309919357300e-01,-1.761331595480442047e-02,-1.522860117256641388e-02,3.148033469915390015e-02,9.276644885540008545e-02,1.066831722855567932e-01,5.551093444228172302e-02,1.066831722855567932e-01,9.276644885540008545e-02,3.148033469915390015e-02,-1.522860117256641388e-02,-1.761331595480442047e-02,-1.661451309919357300e-01,-1.770219951868057251e-01,5.795009434223175049e-02
-4.816866666078567505e-02
-3.779324889183044434e-02,-2.327321618795394897e-01,-2.360140532255172729e-02,1.421331912279129028e-01,1.255619227886199951e-01,7.496482133865356445e-02,1.489560008049011230e-01,7.033134996891021729e-02,6.768112629652023315e-02,7.033134996891021729e-02,1.489560008049011230e-01,7.496482133865356445e-02,1.255619227886199951e-01,1.421331912279129028e-01,-2.360140532255172729e-02,-2.327321618795394897e-01,-3.779324889183044434e-02
1.370661258697509766e-01,-2.968554385006427765e-02,-1.612118333578109741e-01,-1.095584407448768616e-01,-5.933579429984092712e-02,4.819708317518234253e-02,7.109878957271575928e-02,5.053476244211196899e-02,4.197096452116966248e-02,5.053476244211196899e-02,7.109878957271575928e-02,4.819708317518234253e-02,-5.933579429984092712e-02,-1.095584407448768616e-01,-1.612118333578109741e-01,-2.968554385006427765e-02,1.370661258697509766e-01
-6.130550801753997803e-02
1.017250567674636841e-01,-2.263530194759368896e-01,-1.427397429943084717e-01,8.047707378864288330e-02,1.627402305603027344e-01,1.010173261165618896e-01,1.194155886769294739e-01,9.237319231033325195e-02,1.155112981796264648e-01,9.237319231033325195e-02,1.194155886769294739e-01,1.010173261165618896e-01,1.627402305603027344e-01,8.047707378864288330e-02,-1.427397429943084717e-01,-2.263530194759368896e-01,1.017250567674636841e-01
1.847808063030242920e-01,7.159932702779769897e-02,-1.198798194527626038e-01,-1.815060079097747803e-01,-2.767218090593814850e-02,-9.949116036295890808e-03,2.569668553769588470e-02,5.571923777461051941e-02,1.559931039810180664e-01,5.571923777461051941e-02,2.569668553769588470e-02,-9.949116036295890808e-03,-2.767218090593814850e-02,-1.815060079097747803e-01,-1.198798194527626038e-01,7.159932702779769897e-02,1.847808063030242920e-01
-7.544320076704025269e-02
1.667550802230834961e-01,-8.515325188636779785e-02,-2.097277492284774780e-01,-4.270984791219234467e-03,1.150793507695198059e-01,2.071253508329391479e-01,1.675693839788436890e-01,1.586727797985076904e-01,1.009487807750701904e-01,1.586727797985076904e-01,1.675693839788436890e-01,2.071253508329391479e-01,1.150793507695198059e-01,-4.270984791219234467e-03,-2.097277492284774780e-01,-8.515325188636779785e-02,1.667550802230834961e-01
7.341450452804565430e-02,2.172683030366897583e-01,-9.709746390581130981e-02,-1.996802538633346558e-01,-9.508454054594039917e-02,4.827110841870307922e-02,5.232325289398431778e-03,4.858112707734107971e-02,7.893808186054229736e-02,4.858112707734107971e-02,5.232325289398431778e-03,4.827110841870307922e-02,-9.508454054594039917e-02,-1.996802538633346558e-01,-9.709746390581130981e-02,2.172683030366897583e-01,7.341450452804565430e-02
-9.051609784364700317e-02
2.346996515989303589e-01,3.497925773262977600e-02,-1.887574344873428345e-01,-9.540358930826187134e-02,1.325487047433853149e-01,1.812496632337570190e-01,1.514553129673004150e-01,1.401670128107070923e-01,1.676428169012069702e-01,1.401670128107070923e-01,1.514553129673004150e-01,1.812496632337570190e-01,1.325487047433853149e-01,-9.540358930826187134e-02,-1.887574344873428345e-01,3.497925773262977600e-02,2.346996515989303589e-01
-1.009350456297397614e-02,2.193573564291000366e-01,6.790266185998916626e-02,-2.542833983898162842e-01,-1.533783376216888428e-01,-7.259579747915267944e-02,5.911060050129890442e-02,8.362796157598495483e-02,1.713782548904418945e-01,8.362796157598495483e-02,5.911060050129890442e-02,-7.259579747915267944e-02,-1.533783376216888428e-01,-2.542833983898162842e-01,6.790266185998916626e-02,2.193573564291000366e-01,-1.009350456297397614e-02
-1.064698770642280579e-01
1.437292397022247314e-01,1.466498523950576782e-01,-1.597328633069992065e-01,-2.077300399541854858e-01,9.652997553348541260e-02,2.039840668439865112e-01,2.116045951843261719e-01,1.593716740608215332e-01,1.954470574855804443e-01,1.593716740608215332e-01,2.116045951843261719e-01,2.039840668439865112e-01,9.652997553348541260e-02,-2.077300399541854858e-01,-1.597328633069992065e-01,1.466498523950576782e-01,1.437292397022247314e-01
-2.305988669395446777e-01,2.171401679515838623e-01,1.040772423148155212e-01,-1.396972090005874634e-01,-2.014852464199066162e-01,-2.320645563304424286e-02,3.166025876998901367e-02,1.652702838182449341e-01,1.599882096052169800e-01,1.652702838182449341e-01,3.166025876998901367e-02,-2.320645563304424286e-02,-2.014852464199066162e-01,-1.396972090005874634e-01,1.040772423148155212e-01,2.171401679515838623e-01,-2.305988669395446777e-01
-1.232586652040481567e-01
-7.586668431758880615e-02,2.921138107776641846e-01,-1.586335301399230957e-01,-2.287710160017013550e-01,-1.884030178189277649e-02,1.987060606479644775e-01,1.453824043273925781e-01,1.888899803161621094e-01,1.530573815107345581e-01,1.888899803161621094e-01,1.453824043273925781e-01,1.987060606479644775e-01,-1.884030178189277649e-02,-2.287710160017013550e-01,-1.586335301399230957e-01,2.921138107776641846e-01,-7.586668431758880615e-02
-2.460584789514541626e-01,1.060608923435211182e-01,2.020628154277801514e-01,-7.611241191625595093e-02,-2.350187301635742188e-01,-7.545933872461318970e-02,4.724942892789840698e-02,1.754176914691925049e-01,1.637881696224212646e-01,1.754176914691925049e-01,4.724942892789840698e-02,-7.545933872461318970e-02,-2.350187301635742188e-01,-7.611241191625595093e-02,2.020628154277801514e-01,1.060608923435211182e-01,-2.460584789514541626e-01
-1.408430486917495728e-01
-1.844765245914459229e-01,2.980949878692626953e-01,-5.569593608379364014e-02,-2.609671056270599365e-01,-3.735492378473281860e-02,2.285216003656387329e-01,1.952740699052810669e-01,2.301217168569564819e-01,1.896369755268096924e-01,2.301217168569564819e-01,1.952740699052810669e-01,2.285216003656387329e-01,-3.735492378473281860e-02,-2.609671056270599365e-01,-5.569593608379364014e-02,2.980949878692626953e-01,-1.844765245914459229e-01
-1.009371876716613770e-01,-1.283124536275863647e-01,2.933551967144012451e-01,-1.142952777445316315e-02,-1.735907196998596191e-01,-1.408912688493728638e-01,7.108072191476821899e-02,1.047731414437294006e-01,1.734343916177749634e-01,1.047731414437294006e-01,7.108072191476821899e-02,-1.408912688493728638e-01,-1.735907196998596191e-01,-1.142952777445316315e-02,2.933551967144012451e-01,-1.283124536275863647e-01,-1.009371876716613770e-01
-1.591886878013610840e-01
-1.483142971992492676e-01,1.482407450675964355e-01,1.169752106070518494e-01,-3.125795423984527588e-01,-7.254481315612792969e-02,1.417889893054962158e-01,2.329111546277999878e-01,1.970589011907577515e-01,2.318437099456787109e-01,1.970589011907577515e-01,2.329111546277999878e-01,1.417889893054962158e-01,-7.254481315612792969e-02,-3.125795423984527588e-01,1.169752106070518494e-01,1.482407450675964355e-01,-1.483142971992492676e-01
7.651322335004806519e-02,-2.382652163505554199e-01,2.953407168388366699e-01,3.834994509816169739e-02,-2.071577459573745728e-01,-1.886932998895645142e-01,9.718865156173706055e-02,1.239237040281295776e-01,1.850416064262390137e-01,1.239237040281295776e-01,9.718865156173706055e-02,-1.886932998895645142e-01,-2.071577459573745728e-01,3.834994509816169739e-02,2.953407168388366699e-01,-2.382652163505554199e-01,7.651322335004806519e-02
-1.782653480768203735e-01
-5.011541396379470825e-02,-2.524399757385253906e-02,2.331994771957397461e-01,-3.119173347949981689e-01,-9.429977089166641235e-02,1.178933382034301758e-01,2.706497609615325928e-01,1.789112985134124756e-01,2.365008145570755005e-01,1.789112985134124756e-01,2.706497609615325928e-01,1.178933382034301758e-01,-9.429977089166641235e-02,-3.119173347949981689e-01,2.331994771957397461e-01,-2.524399757385253906e-02,-5.011541396379470825e-02
1.503889411687850952e-01,-2.373205423355102539e-01,1.892836242914199829e-01,1.486118286848068237e-01,-2.596035301685333252e-01,-2.092013806104660034e-01,4.375031590461730957e-02,1.583034545183181763e-01,1.584291160106658936e-01,1.583034545183181763e-01,4.375031590461730957e-02,-2.092013806104660034e-01,-2.596035301685333252e-01,1.486118286848068237e-01,1.892836242914199829e-01,-2.373205423355102539e-01,1.503889411687850952e-01
-1.980461031198501587e-01
4.016435146331787109e-02,-1.156979352235794067e-01,2.914464473724365234e-01,-2.306500524282455444e-01,-1.684043854475021362e-01,1.191419810056686401e-01,2.782767117023468018e-01,2.096445560455322266e-01,2.225860506296157837e-01,2.096445560455322266e-01,2.782767117023468018e-01,1.191419810056686401e-01,-1.684043854475021362e-01,-2.306500524282455444e-01,2.914464473724365234e-01,-1.156979352235794067e-01,4.016435146331787109e-02
1.327777504920959473e-01,-1.572353541851043701e-01,4.453833773732185364e-02,2.548864185810089111e-01,-2.772645652294158936e-01,-1.991433054208755493e-01,4.016268998384475708e-03,1.868622303009033203e-01,1.301918625831604004e-01,1.868622303009033203e-01,4.016268998384475708e-03,-1.991433054208755493e-01,-2.772645652294158936e-01,2.548864185810089111e-01,4.453833773732185364e-02,-1.572353541851043701e-01,1.327777504920959473e-01
-2.185067981481552124e-01
8.406515419483184814e-02,-1.560344696044921875e-01,2.506374716758728027e-01,-1.056570708751678467e-01,-2.485346347093582153e-01,1.292134970426559448e-01,2.571260035037994385e-01,2.455876022577285767e-01,1.894899457693099976e-01,2.455876022577285767e-01,2.571260035037994385e-01,1.292134970426559448e-01,-2.485346347093582153e-01,-1.056570708751678467e-01,2.506374716758728027e-01,-1.560344696044921875e-01,8.406515419483184814e-02
8.168606460094451904e-02,-6.013391911983489990e-02,-7.958856970071792603e-02,3.144578635692596436e-01,-2.564050555229187012e-01,-2.220883220434188843e-01,-3.330661356449127197e-02,1.891000419855117798e-01,1.270388364791870117e-01,1.891000419855117798e-01,-3.330661356449127197e-02,-2.220883220434188843e-01,-2.564050555229187012e-01,3.144578635692596436e-01,-7.958856970071792603e-02,-6.013391911983489990e-02,8.168606460094451904e-02
-2.396256029605865479e-01
7.763213664293289185e-02,-1.384731978178024292e-01,1.768557280302047729e-01,2.084100432693958282e-02,-3.228980600833892822e-01,1.369224190711975098e-01,2.474650740623474121e-01,2.846716642379760742e-01,1.673504412174224854e-01,2.846716642379760742e-01,2.474650740623474121e-01,1.369224190711975098e-01,-3.228980600833892822e-01,2.084100432693958282e-02,1.768557280302047729e-01,-1.384731978178024292e-01,7.763213664293289185e-02
1.823239214718341827e-02,7.853356190025806427e-03,-1.506899297237396240e-01,3.294759094715118408e-01,-1.844402253627777100e-01,-2.544863522052764893e-01,-3.132082521915435791e-02,1.778830140829086304e-01,1.508809626102447510e-01,1.778830140829086304e-01,-3.132082521915435791e-02,-2.544863522052764893e-01,-1.844402253627777100e-01,3.294759094715118408e-01,-1.506899297237396240e-01,7.853356190025806427e-03,1.823239214718341827e-02
-2.613826692104339600e-01
4.980646446347236633e-02,-8.911388367414474487e-02,9.564357995986938477e-02,1.117931082844734192e-01,-3.870354592800140381e-01,1.066092103719711304e-01,2.449011653661727905e-01,2.982172071933746338e-01,1.531684994697570801e-01,2.982172071933746338e-01,2.449011653661727905e-01,1.066092103719711304e-01,-3.870354592800140381e-01,1.117931082844734192e-01,9.564357995986938477e-02,-8.911388367414474487e-02,4.980646446347236633e-02
-2.466605231165885925e-02,5.420459061861038208e-02,-1.583061516284942627e-01,3.038560152053833008e-01,-9.761441498994827271e-02,-3.048249185085296631e-01,-2.622872963547706604e-02,1.406326591968536377e-01,1.746612042188644409e-01,1.406326591968536377e-01,-2.622872963547706604e-02,-3.048249185085296631e-01,-9.761441498994827271e-02,3.038560152053833008e-01,-1.583061516284942627e-01,5.420459061861038208e-02,-2.466605231165885925e-02
-2.837598025798797607e-01
1.651055738329887390e-02,-4.723463580012321472e-02,3.118678927421569824e-02,1.987828761339187622e-01,-3.760820031166076660e-01,8.409167081117630005e-02,2.689184844493865967e-01,3.020273447036743164e-01,1.592631936073303223e-01,3.020273447036743164e-01,2.689184844493865967e-01,8.409167081117630005e-02,-3.760820031166076660e-01,1.987828761339187622e-01,3.118678927421569824e-02,-4.723463580012321472e-02,1.651055738329887390e-02
-4.765325039625167847e-02,5.380033329129219055e-02,-1.561602950096130371e-01,2.482794225215911865e-01,1.333429757505655289e-02,-3.358342945575714111e-01,-8.833493106067180634e-03,1.212357878684997559e-01,2.115178555250167847e-01,1.212357878684997559e-01,-8.833493106067180634e-03,-3.358342945575714111e-01,1.333429757505655289e-02,2.482794225215911865e-01,-1.561602950096130371e-01,5.380033329129219055e-02,-4.765325039625167847e-02
-3.067403435707092285e-01
-8.969268761575222015e-03,-8.845551870763301849e-03,-2.761498838663101196e-02,2.215856909751892090e-01,-3.827174603939056396e-01,4.538137873169034719e-04,2.834217548370361328e-01,2.890502214431762695e-01,1.813756525516510010e-01,2.890502214431762695e-01,2.834217548370361328e-01,4.538137873169034719e-04,-3.827174603939056396e-01,2.215856909751892090e-01,-2.761498838663101196e-02,-8.845551870763301849e-03,-8.969268761575222015e-03
-4.054754972457885742e-02,5.824937671422958374e-02,-1.224906146526336670e-01,1.733259111642837524e-01,9.480115771293640137e-02,-3.669985234737396240e-01,-4.073386546224355698e-03,1.082830950617790222e-01,2.402112632989883423e-01,1.082830950617790222e-01,-4.073386546224355698e-03,-3.669985234737396240e-01,9.480115771293640137e-02,1.733259111642837524e-01,-1.224906146526336670e-01,5.824937671422958374e-02,-4.054754972457885742e-02
-3.303088247776031494e-01
-2.830284275114536285e-02,1.917013712227344513e-02,-5.120739713311195374e-02,2.416802495718002319e-01,-3.352634608745574951e-01,-5.293011665344238281e-02,3.220181167125701904e-01,2.732611596584320068e-01,2.031027823686599731e-01,2.732611596584320068e-01,3.220181167125701904e-01,-5.293011665344238281e-02,-3.352634608745574951e-01,2.416802495718002319e-01,-5.120739713311195374e-02,1.917013712227344513e-02,-2.830284275114536285e-02
-3.882475569844245911e-02,3.682856261730194092e-02,-8.177781850099563599e-02,1.064188852906227112e-01,1.640128046274185181e-01,-3.842785060405731201e-01,-2.168232016265392303e-02,8.890555053949356079e-02,2.459877878427505493e-01,8.890555053949356079e-02,-2.168232016265392303e-02,-3.842785060405731201e-01,1.640128046274185181e-01,1.064188852906227112e-01,-8.177781850099563599e-02,3.682856261730194092e-02,-3.882475569844245911e-02
-3.544510006904602051e-01
-4.156964644789695740e-02,3.169680014252662659e-02,-6.300444155931472778e-02,2.366294115781784058e-01,-2.765748202800750732e-01,-1.155038475990295410e-01,3.512962460517883301e-01,2.589809894561767578e-01,2.318268269300460815e-01,2.589809894561767578e-01,3.512962460517883301e-01,-1.155038475990295410e-01,-2.765748202800750732e-01,2.366294115781784058e-01,-6.300444155931472778e-02,3.169680014252662659e-02,-4.156964644789695740e-02
-2.157740853726863861e-02,9.301870130002498627e-03,-5.290499702095985413e-02,4.529793933033943176e-02,2.168714851140975952e-01,-3.785744607448577881e-01,-4.306188970804214478e-02,9.384366124868392944e-02,2.515028417110443115e-01,9.384366124868392944e-02,-4.306188970804214478e-02,-3.785744607448577881e-01,2.168714851140975952e-01,4.529793933033943176e-02,-5.290499702095985413e-02,9.301870130002498627e-03,-2.157740853726863861e-02
-3.791535198688507080e-01
-4.722323268651962280e-02,3.561526536941528320e-02,-6.237595900893211365e-02,2.109157890081405640e-01,-2.242866754531860352e-01,-1.781162619590759277e-01,3.721622824668884277e-01,2.393673956394195557e-01,2.458063215017318726e-01,2.393673956394195557e-01,3.721622824668884277e-01,-1.781162619590759277e-01,-2.242866754531860352e-01,2.109157890081405640e-01,-6.237595900893211365e-02,3.561526536941528320e-02,-4.722323268651962280e-02
-3.998041152954101562e-03,-1.224397495388984680e-02,-2.108534239232540131e-02,-1.283951220102608204e-03,2.501105368137359619e-01,-3.616428971290588379e-01,-7.956953346729278564e-02,1.006275340914726257e-01,2.459798753261566162e-01,1.006275340914726257e-01,-7.956953346729278564e-02,-3.616428971290588379e-01,2.501105368137359619e-01,-1.283951220102608204e-03,-2.108534239232540131e-02,-1.224397495388984680e-02,-3.998041152954101562e-03
-4.044040143489837646e-01
-4.162795096635818481e-02,2.744904346764087677e-02,-6.007683277130126953e-02,1.784390211105346680e-01,-1.688665151596069336e-01,-2.322293370962142944e-01,3.886944949626922607e-01,2.332247495651245117e-01,2.614029347896575928e-01,2.332247495651245117e-01,3.886944949626922607e-01,-2.322293370962142944e-01,-1.688665151596069336e-01,1.784390211105346680e-01,-6.007683277130126953e-02,2.744904346764087677e-02,-4.162795096635818481e-02
1.315956562757492065e-02,-2.263125404715538025e-02,5.769150331616401672e-03,-4.215948283672332764e-02,2.593170404434204102e-01,-3.379741013050079346e-01,-1.234807893633842468e-01,1.108806654810905457e-01,2.326239645481109619e-01,1.108806654810905457e-01,-1.234807893633842468e-01,-3.379741013050079346e-01,2.593170404434204102e-01,-4.215948283672332764e-02,5.769150331616401672e-03,-2.263125404715538025e-02,1.315956562757492065e-02
-4.301908016204833984e-01
-3.601674735546112061e-02,1.925106346607208252e-02,-4.623289406299591064e-02,1.480681896209716797e-01,-1.150980740785598755e-01,-2.715899050235748291e-01,3.985564112663269043e-01,2.347372770309448242e-01,2.710811793804168701e-01,2.347372770309448242e-01,3.985564112663269043e-01,-2.715899050235748291e-01,-1.150980740785598755e-01,1.480681896209716797e-01,-4.623289406299591064e-02,1.925106346607208252e-02,-3.601674735546112061e-02
2.457252331078052521e-02,-3.990894556045532227e-02,1.745047792792320251e-02,-6.728731095790863037e-02,2.680605053901672363e-01,-2.882761657238006592e-01,-1.591054648160934448e-01,1.311250180006027222e-01,2.197749465703964233e-01,1.311250180006027222e-01,-1.591054648160934448e-01,-2.882761657238006592e-01,2.680605053901672363e-01,-6.728731095790863037e-02,1.745047792792320251e-02,-3.990894556045532227e-02,2.457252331078052521e-02
-4.565029740333557129e-01
-2.422538213431835175e-02,9.455625899136066437e-03,-3.555957227945327759e-02,1.196561455726623535e-01,-5.464084818959236145e-02,-2.920442521572113037e-01,3.955459892749786377e-01,2.387204915285110474e-01,2.745169103145599365e-01,2.387204915285110474e-01,3.955459892749786377e-01,-2.920442521572113037e-01,-5.464084818959236145e-02,1.196561455726623535e-01,-3.555957227945327759e-02,9.455625899136066437e-03,-2.422538213431835175e-02
3.159936890006065369e-02,-3.352807834744453430e-02,3.765518218278884888e-02,-8.883925527334213257e-02,2.485244125127792358e-01,-2.545250356197357178e-01,-2.032574564218521118e-01,1.490438282489776611e-01,2.064722031354904175e-01,1.490438282489776611e-01,-2.032574564218521118e-01,-2.545250356197357178e-01,2.485244125127792358e-01,-8.883925527334213257e-02,3.765518218278884888e-02,-3.352807834744453430e-02,3.159936890006065369e-02
-4.833302795886993408e-01
-1.145386137068271637e-02,-6.110980641096830368e-03,-1.834956556558609009e-02,9.263142198324203491e-02,-2.059597335755825043e-02,-3.205669820308685303e-01,3.854977190494537354e-01,2.468420863151550293e-01,2.661045789718627930e-01,2.468420863151550293e-01,3.854977190494537354e-01,-3.205669820308685303e-01,-2.059597335755825043e-02,9.263142198324203491e-02,-1.834956556558609009e-02,-6.110980641096830368e-03,-1.145386137068271637e-02
3.863671794533729553e-02,-4.307296499609947205e-02,3.521674498915672302e-02,-9.706916660070419312e-02,2.378091961145401001e-01,-2.069181054830551147e-01,-2.470823526382446289e-01,1.574189215898513794e-01,1.894350498914718628e-01,1.574189215898513794e-01,-2.470823526382446289e-01,-2.069181054830551147e-01,2.378091961145401001e-01,-9.706916660070419312e-02,3.521674498915672302e-02,-4.307296499609947205e-02,3.863671794533729553e-02
-5.106630325317382812e-01
1.617339905351400375e-03,-1.957773789763450623e-02,-8.687641471624374390e-03,6.742557138204574585e-02,2.073825336992740631e-02,-3.219488263130187988e-01,3.751775920391082764e-01,2.669023275375366211e-01,2.633205950260162354e-01,2.669023275375366211e-01,3.751775920391082764e-01,-3.219488263130187988e-01,2.073825336992740631e-02,6.742557138204574585e-02,-8.687641471624374390e-03,-1.957773789763450623e-02,1.617339905351400375e-03
3.596669808030128479e-02,-3.834155574440956116e-02,4.274939373135566711e-02,-9.859606623649597168e-02,2.157827019691467285e-01,-1.602754741907119751e-01,-2.811334431171417236e-01,1.695734858512878418e-01,1.760965883731842041e-01,1.695734858512878418e-01,-2.811334431171417236e-01,-1.602754741907119751e-01,2.157827019691467285e-01,-9.859606623649597168e-02,4.274939373135566711e-02,-3.834155574440956116e-02,3.596669808030128479e-02
-5.384919643402099609e-01
3.389960620552301407e-03,-3.031249903142452240e-02,1.017427723854780197e-02,4.882343113422393799e-02,4.014735296368598938e-02,-3.364115059375762939e-01,3.510976135730743408e-01,2.851009666919708252e-01,2.526017129421234131e-01,2.851009666919708252e-01,3.510976135730743408e-01,-3.364115059375762939e-01,4.014735296368598938e-02,4.882343113422393799e-02,1.017427723854780197e-02,-3.031249903142452240e-02,3.389960620552301407e-03
3.045479767024517059e-02,-5.015982687473297119e-02,3.606834635138511658e-02,-9.054391831159591675e-02,1.992404013872146606e-01,-1.118286848068237305e-01,-3.137321174144744873e-01,1.780821532011032104e-01,1.676486134529113770e-01,1.780821532011032104e-01,-3.137321174144744873e-01,-1.118286848068237305e-01,1.992404013872146606e-01,-9.054391831159591675e-02,3.606834635138511658e-02,-5.015982687473297119e-02,3.045479767024517059e-02
-5.668085217475891113e-01
1.167884655296802521e-02,-4.027987644076347351e-02,1.994370855391025543e-02,3.112839721143245697e-02,6.217521056532859802e-02,-3.333889245986938477e-01,3.264826834201812744e-01,3.072139322757720947e-01,2.421914041042327881e-01,3.072139322757720947e-01,3.264826834201812744e-01,-3.333889245986938477e-01,6.217521056532859802e-02,3.112839721143245697e-02,1.994370855391025543e-02,-4.027987644076347351e-02,1.167884655296802521e-02
2.796577662229537964e-02,-4.268435388803482056e-02,3.465340659022331238e-02,-8.543819189071655273e-02,1.740752160549163818e-01,-7.074311375617980957e-02,-3.412603437900543213e-01,1.835826784372329712e-01,1.627619415521621704e-01,1.835826784372329712e-01,-3.412603437900543213e-01,-7.074311375617980957e-02,1.740752160549163818e-01,-8.543819189071655273e-02,3.465340659022331238e-02,-4.268435388803482056e-02,2.796577662229537964e-02
-5.956043004989624023e-01
1.790711842477321625e-02,-4.840427264571189880e-02,2.720976620912551880e-02,1.225388050079345703e-02,7.239431142807006836e-02,-3.303270936012268066e-01,2.969674170017242432e-01,3.292281925678253174e-01,2.297195643186569214e-01,3.292281925678253174e-01,2.969674170017242432e-01,-3.303270936012268066e-01,7.239431142807006836e-02,1.225388050079345703e-02,2.720976620912551880e-02,-4.840427264571189880e-02,1.790711842477321625e-02
2.220451459288597107e-02,-3.527779877185821533e-02,3.269978612661361694e-02,-7.529530674219131470e-02,1.520023494958877563e-01,-3.059966675937175751e-02,-3.627606332302093506e-01,1.846921294927597046e-01,1.596347540616989136e-01,1.846921294927597046e-01,-3.627606332302093506e-01,-3.059966675937175751e-02,1.520023494958877563e-01,-7.529530674219131470e-02,3.269978612661361694e-02,-3.527779877185821533e-02,2.220451459288597107e-02
-6.248716115951538086e-01
3.066191077232360840e-02,-5.045339092612266541e-02,3.246931731700897217e-02,8.994909585453569889e-04,8.844278752803802490e-02,-3.145150542259216309e-01,2.667824029922485352e-01,3.498630523681640625e-01,2.162478566169738770e-01,3.498630523681640625e-01,2.667824029922485352e-01,-3.145150542259216309e-01,8.844278752803802490e-02,8.994909585453569889e-04,3.246931731700897217e-02,-5.045339092612266541e-02,3.066191077232360840e-02
2.028363570570945740e-02,-1.903273537755012512e-02,2.826793864369392395e-02,-7.152461260557174683e-02,1.253021955490112305e-01,-2.872588229365646839e-04,-3.842747211456298828e-01,1.820234656333923340e-01,1.635616868734359741e-01,1.820234656333923340e-01,-3.842747211456298828e-01,-2.872588229365646839e-04,1.253021955490112305e-01,-7.152461260557174683e-02,2.826793864369392395e-02,-1.903273537755012512e-02,2.028363570570945740e-02
-6.546028852462768555e-01
3.749165683984756470e-02,-5.300008133053779602e-02,3.542208299040794373e-02,-1.018936280161142349e-02,9.701882302761077881e-02,-2.951726615428924561e-01,2.401839941740036011e-01,3.714585006237030029e-01,2.024833261966705322e-01,3.714585006237030029e-01,2.401839941740036011e-01,-2.951726615428924561e-01,9.701882302761077881e-02,-1.018936280161142349e-02,3.542208299040794373e-02,-5.300008133053779602e-02,3.749165683984756470e-02
1.501507684588432312e-02,-6.400152575224637985e-03,2.429575845599174500e-02,-6.549885123968124390e-02,1.005649119615554810e-01,2.827672474086284637e-02,-3.992855846881866455e-01,1.749244928359985352e-01,1.676600873470306396e-01,1.749244928359985352e-01,-3.992855846881866455e-01,2.827672474086284637e-02,1.005649119615554810e-01,-6.549885123968124390e-02,2.429575845599174500e-02,-6.400152575224637985e-03,1.501507684588432312e-02
-6.847910881042480469e-01
4.123150929808616638e-02,-5.446339771151542664e-02,3.912917897105216980e-02,-1.930627785623073578e-02,9.524746239185333252e-02,-2.851636409759521484e-01,2.078578025102615356e-01,3.953003585338592529e-01,1.946453303098678589e-01,3.953003585338592529e-01,2.078578025102615356e-01,-2.851636409759521484e-01,9.524746239185333252e-02,-1.930627785623073578e-02,3.912917897105216980e-02,-5.446339771151542664e-02,4.123150929808616638e-02
1.012215204536914825e-02,-1.484222157159820199e-04,1.527645252645015717e-02,-5.963364616036415100e-02,7.888969033956527710e-02,5.959794670343399048e-02,-4.050091803073883057e-01,1.687132120132446289e-01,1.736123412847518921e-01,1.687132120132446289e-01,-4.050091803073883057e-01,5.959794670343399048e-02,7.888969033956527710e-02,-5.963364616036415100e-02,1.527645252645015717e-02,-1.484222157159820199e-04,1.012215204536914825e-02
-7.154292464256286621e-01
3.014604374766349792e-02,-6.032438948750495911e-02,4.341691732406616211e-02,-2.769329398870468140e-02,8.460121601819992065e-02,-2.744458019733428955e-01,1.801376193761825562e-01,4.169046878814697266e-01,1.846033334732055664e-01,4.169046878814697266e-01,1.801376193761825562e-01,-2.744458019733428955e-01,8.460121601819992065e-02,-2.769329398870468140e-02,4.341691732406616211e-02,-6.032438948750495911e-02,3.014604374766349792e-02
5.615175236016511917e-03,-1.116690691560506821e-03,8.427550084888935089e-03,-4.546446353197097778e-02,6.261221319437026978e-02,7.783012092113494873e-02,-4.152904450893402100e-01,1.542623341083526611e-01,1.804102063179016113e-01,1.542623341083526611e-01,-4.152904450893402100e-01,7.783012092113494873e-02,6.261221319437026978e-02,-4.546446353197097778e-02,8.427550084888935089e-03,-1.116690691560506821e-03,5.615175236016511917e-03
-7.465110421180725098e-01
3.509733453392982483e-02,-5.456475913524627686e-02,5.096593499183654785e-02,-2.176063507795333862e-02,9.234473109245300293e-02,-2.492077648639678955e-01,1.560613811016082764e-01,4.395487010478973389e-01,1.798572987318038940e-01,4.395487010478973389e-01,1.560613811016082764e-01,-2.492077648639678955e-01,9.234473109245300293e-02,-2.176063507795333862e-02,5.096593499183654785e-02,-5.456475913524627686e-02,3.509733453392982483e-02
-1.537532079964876175e-03,6.018307991325855255e-03,2.915380755439400673e-03,-3.800320625305175781e-02,4.508860409259796143e-02,9.757716953754425049e-02,-4.172879755496978760e-01,1.420783847570419312e-01,1.914396286010742188e-01,1.420783847570419312e-01,-4.172879755496978760e-01,9.757716953754425049e-02,4.508860409259796143e-02,-3.800320625305175781e-02,2.915380755439400673e-03,6.018307991325855255e-03,-1.537532079964876175e-03
-7.780300974845886230e-01
2.983356639742851257e-02,-5.494333431124687195e-02,5.262251198291778564e-02,-2.367389202117919922e-02,8.591996878385543823e-02,-2.357180267572402954e-01,1.250807791948318481e-01,4.549745619297027588e-01,1.727149486541748047e-01,4.549745619297027588e-01,1.250807791948318481e-01,-2.357180267572402954e-01,8.591996878385543823e-02,-2.367389202117919922e-02,5.262251198291778564e-02,-5.494333431124687195e-02,2.983356639742851257e-02
-7.632755208760499954e-03,1.034567225724458694e-02,-1.735029043629765511e-03,-2.909581921994686127e-02,3.025785461068153381e-02,1.130553483963012695e-01,-4.178771078586578369e-01,1.288329362869262695e-01,2.048663049936294556e-01,1.288329362869262695e-01,-4.178771078586578369e-01,1.130553483963012695e-01,3.025785461068153381e-02,-2.909581921994686127e-02,-1.735029043629765511e-03,1.034567225724458694e-02,-7.632755208760499954e-03
-8.099804520606994629e-01
2.144509740173816681e-02,-5.848366394639015198e-02,4.988254979252815247e-02,-2.920474857091903687e-02,7.239504158496856689e-02,-2.263528704643249512e-01,9.565024077892303467e-02,4.694868624210357666e-01,1.673356145620346069e-01,4.694868624210357666e-01,9.565024077892303467e-02,-2.263528704643249512e-01,7.239504158496856689e-02,-2.920474857091903687e-02,4.988254979252815247e-02,-5.848366394639015198e-02,2.144509740173816681e-02
-9.802524000406265259e-03,1.286324672400951385e-02,-6.965930573642253876e-03,-2.021349035203456879e-02,1.666628569364547729e-02,1.227236762642860413e-01,-4.179697632789611816e-01,1.118281111121177673e-01,2.175930589437484741e-01,1.118281111121177673e-01,-4.179697632789611816e-01,1.227236762642860413e-01,1.666628569364547729e-02,-2.021349035203456879e-02,-6.965930573642253876e-03,1.286324672400951385e-02,-9.802524000406265259e-03
-8.423564434051513672e-01
3.211282566189765930e-02,-5.049590021371841431e-02,4.443722218275070190e-02,-3.170784935355186462e-02,7.513787597417831421e-02,-1.979958117008209229e-01,7.643558830022811890e-02,4.862781763076782227e-01,1.670836359262466431e-01,4.862781763076782227e-01,7.643558830022811890e-02,-1.979958117008209229e-01,7.513787597417831421e-02,-3.170784935355186462e-02,4.443722218275070190e-02,-5.049590021371841431e-02,3.211282566189765930e-02
-1.339936349540948868e-02,2.473791129887104034e-02,-8.169961161911487579e-03,-1.724445819854736328e-02,6.479166913777589798e-04,1.323501169681549072e-01,-4.116032123565673828e-01,9.819033741950988770e-02,2.328797280788421631e-01,9.819033741950988770e-02,-4.116032123565673828e-01,1.323501169681549072e-01,6.479166913777589798e-04,-1.724445819854736328e-02,-8.169961161911487579e-03,2.473791129887104034e-02,-1.339936349540948868e-02
-8.751524686813354492e-01
2.463103085756301880e-02,-4.844517633318901062e-02,4.585449397563934326e-02,-2.907935902476310730e-02,6.719592213630676270e-02,-1.842347830533981323e-01,5.044557899236679077e-02,4.946521222591400146e-01,1.629072129726409912e-01,4.946521222591400146e-01,5.044557899236679077e-02,-1.842347830533981323e-01,6.719592213630676270e-02,-2.907935902476310730e-02,4.585449397563934326e-02,-4.844517633318901062e-02,2.463103085756301880e-02
-1.467038411647081375e-02,2.135238051414489746e-02,-1.383461710065603256e-02,-5.633979104459285736e-03,-5.167774856090545654e-03,1.394423842430114746e-01,-4.086400270462036133e-01,7.901529222726821899e-02,2.474066019058227539e-01,7.901529222726821899e-02,-4.086400270462036133e-01,1.394423842430114746e-01,-5.167774856090545654e-03,-5.633979104459285736e-03,-1.383461710065603256e-02,2.135238051414489746e-02,-1.467038411647081375e-02
-9.083632230758666992e-01
2.019129507243633270e-02,-4.643210396170616150e-02,4.618800431489944458e-02,-2.423922531306743622e-02,6.277927011251449585e-02,-1.675258427858352661e-01,2.938518859446048737e-02,5.052899122238159180e-01,1.636274456977844238e-01,5.052899122238159180e-01,2.938518859446048737e-02,-1.675258427858352661e-01,6.277927011251449585e-02,-2.423922531306743622e-02,4.618800431489944458e-02,-4.643210396170616150e-02,2.019129507243633270e-02
-1.464128959923982620e-02,2.334586158394813538e-02,-1.554971653968095779e-02,2.387179527431726456e-03,-1.490635704249143600e-02,1.421256065368652344e-01,-4.029803872108459473e-01,5.982556194067001343e-02,2.608247399330139160e-01,5.982556194067001343e-02,-4.029803872108459473e-01,1.421256065368652344e-01,-1.490635704249143600e-02,2.387179527431726456e-03,-1.554971653968095779e-02,2.334586158394813538e-02,-1.464128959923982620e-02
-9.419835805892944336e-01
1.184028852730989456e-02,-4.596260562539100647e-02,4.786520823836326599e-02,-1.695710048079490662e-02,5.735018476843833923e-02,-1.541442424058914185e-01,7.973626255989074707e-03,5.133379101753234863e-01,1.650786250829696655e-01,5.133379101753234863e-01,7.973626255989074707e-03,-1.541442424058914185e-01,5.735018476843833923e-02,-1.695710048079490662e-02,4.786520823836326599e-02,-4.596260562539100647e-02,1.184028852730989456e-02
-1.607036218047142029e-02,2.008355408906936646e-02,-1.956880651414394379e-02,9.357052855193614960e-03,-2.149156667292118073e-02,1.482027918100357056e-01,-3.911287486553192139e-01,4.357519745826721191e-02,2.734103798866271973e-01,4.357519745826721191e-02,-3.911287486553192139e-01,1.482027918100357056e-01,-2.149156667292118073e-02,9.357052855193614960e-03,-1.956880651414394379e-02,2.008355408906936646e-02,-1.607036218047142029e-02
-9.760087132453918457e-01
7.475686259567737579e-03,-4.397347941994667053e-02,4.256149008870124817e-02,-2.190928533673286438e-02,4.411041736602783203e-02,-1.414034962654113770e-01,-9.769102558493614197e-03,5.183041095733642578e-01,1.650301069021224976e-01,5.183041095733642578e-01,-9.769102558493614197e-03,-1.414034962654113770e-01,4.411041736602783203e-02,-2.190928533673286438e-02,4.256149008870124817e-02,-4.397347941994667053e-02,7.475686259567737579e-03
-1.030144933611154556e-02,1.959744282066822052e-02,-2.393958531320095062e-02,1.524199265986680984e-02,-2.759741246700286865e-02,1.468997001647949219e-01,-3.853963613510131836e-01,2.111552283167839050e-02,2.849838733673095703e-01,2.111552283167839050e-02,-3.853963613510131836e-01,1.468997001647949219e-01,-2.759741246700286865e-02,1.524199265986680984e-02,-2.393958531320095062e-02,1.959744282066822052e-02,-1.030144933611154556e-02
-1.010433793067932129e+00
1.848313212394714355e-02,-3.394018858671188354e-02,3.647284209728240967e-02,-2.244887873530387878e-02,4.376784339547157288e-02,-1.182792782783508301e-01,-2.187447249889373779e-02,5.243625640869140625e-01,1.691680401563644409e-01,5.243625640869140625e-01,-2.187447249889373779e-02,-1.182792782783508301e-01,4.376784339547157288e-02,-2.244887873530387878e-02,3.647284209728240967e-02,-3.394018858671188354e-02,1.848313212394714355e-02
-1.060270797461271286e-02,2.531702257692813873e-02,-2.121899090707302094e-02,1.930927298963069916e-02,-3.572844713926315308e-02,1.464104354381561279e-01,-3.745757043361663818e-01,3.984206356108188629e-03,2.992076873779296875e-01,3.984206356108188629e-03,-3.745757043361663818e-01,1.464104354381561279e-01,-3.572844713926315308e-02,1.930927298963069916e-02,-2.121899090707302094e-02,2.531702257692813873e-02,-1.060270797461271286e-02
-1.045254230499267578e+00
3.150296211242675781e-02,-2.449685893952846527e-02,2.484961412847042084e-02,-3.418913856148719788e-02,3.296545892953872681e-02,-9.901313483715057373e-02,-3.086439520120620728e-02,5.260709524154663086e-01,1.693535149097442627e-01,5.260709524154663086e-01,-3.086439520120620728e-02,-9.901313483715057373e-02,3.296545892953872681e-02,-3.418913856148719788e-02,2.484961412847042084e-02,-2.449685893952846527e-02,3.150296211242675781e-02
-7.755436468869447708e-03,3.685140237212181091e-02,-1.266367267817258835e-02,2.070132456719875336e-02,-5.209215730428695679e-02,1.352775692939758301e-01,-3.676101863384246826e-01,-2.160839550197124481e-02,3.046807348728179932e-01,-2.160839550197124481e-02,-3.676101863384246826e-01,1.352775692939758301e-01,-5.209215730428695679e-02,2.070132456719875336e-02,-1.266367267817258835e-02,3.685140237212181091e-02,-7.755436468869447708e-03
-1.080465555191040039e+00
-1.409555040299892426e-02,-4.328827559947967529e-02,4.796450212597846985e-02,3.408550051972270012e-03,2.770604193210601807e-02,-1.083968281745910645e-01,-6.158814206719398499e-02,5.253040790557861328e-01,1.764318943023681641e-01,5.253040790557861328e-01,-6.158814206719398499e-02,-1.083968281745910645e-01,2.770604193210601807e-02,3.408550051972270012e-03,4.796450212597846985e-02,-4.328827559947967529e-02,-1.409555040299892426e-02
-8.108907379209995270e-03,-2.105952613055706024e-02,-4.920437932014465332e-02,4.186216369271278381e-02,-2.524571120738983154e-02,1.568638831377029419e-01,-3.495111763477325439e-01,-3.806548565626144409e-02,3.108061254024505615e-01,-3.806548565626144409e-02,-3.495111763477325439e-01,1.568638831377029419e-01,-2.524571120738983154e-02,4.186216369271278381e-02,-4.920437932014465332e-02,-2.105952613055706024e-02,-8.108907379209995270e-03
-1.116063475608825684e+00
2.559793740510940552e-02,-2.386943623423576355e-02,2.725754305720329285e-02,-1.359253935515880585e-02,2.634450420737266541e-02,-8.114966750144958496e-02,-6.063489243388175964e-02,5.347145795822143555e-01,1.878592967987060547e-01,5.347145795822143555e-01,-6.063489243388175964e-02,-8.114966750144958496e-02,2.634450420737266541e-02,-1.359253935515880585e-02,2.725754305720329285e-02,-2.386943623423576355e-02,2.559793740510940552e-02
8.782102377153933048e-04,2.347040362656116486e-02,-1.793360337615013123e-02,3.345697373151779175e-02,-5.899921804666519165e-02,1.271799653768539429e-01,-3.469323217868804932e-01,-5.438583344221115112e-02,3.291358947753906250e-01,-5.438583344221115112e-02,-3.469323217868804932e-01,1.271799653768539429e-01,-5.899921804666519165e-02,3.345697373151779175e-02,-1.793360337615013123e-02,2.347040362656116486e-02,8.782102377153933048e-04
-1.152043938636779785e+00
1.956047862768173218e-02,-2.991906739771366119e-02,2.154202014207839966e-02,-8.695386350154876709e-03,1.970335096120834351e-02,-7.681719213724136353e-02,-7.939876616001129150e-02,5.284944176673889160e-01,1.912126392126083374e-01,5.284944176673889160e-01,-7.939876616001129150e-02,-7.681719213724136353e-02,1.970335096120834351e-02,-8.695386350154876709e-03,2.154202014207839966e-02,-2.991906739771366119e-02,1.956047862768173218e-02
4.487354308366775513e-04,1.559436228126287460e-02,-1.938951574265956879e-02,3.737784177064895630e-02,-5.890329554677009583e-02,1.363282203674316406e-01,-3.221266269683837891e-01,-6.231899559497833252e-02,3.368217051029205322e-01,-6.231899559497833252e-02,-3.221266269683837891e-01,1.363282203674316406e-01,-5.890329554677009583e-02,3.737784177064895630e-02,-1.938951574265956879e-02,1.559436228126287460e-02,4.487354308366775513e-04
-1.188402771949768066e+00
2.031992934644222260e-02,-2.783860452473163605e-02,2.155544050037860870e-02,-4.334947559982538223e-03,1.323338598012924194e-02,-6.632088869810104370e-02,-8.984225988388061523e-02,5.163727998733520508e-01,1.860627681016921997e-01,5.163727998733520508e-01,-8.984225988388061523e-02,-6.632088869810104370e-02,1.323338598012924194e-02,-4.334947559982538223e-03,2.155544050037860870e-02,-2.783860452473163605e-02,2.031992934644222260e-02
9.745256975293159485e-03,5.986141972243785858e-03,-2.434393949806690216e-02,4.276317730545997620e-02,-5.810915678739547729e-02,1.357978880405426025e-01,-3.091904819011688232e-01,-8.465795964002609253e-02,3.358153402805328369e-01,-8.465795964002609253e-02,-3.091904819011688232e-01,1.357978880405426025e-01,-5.810915678739547729e-02,4.276317730545997620e-02,-2.434393949806690216e-02,5.986141972243785858e-03,9.745256975293159485e-03
-1.225136160850524902e+00
2.580489963293075562e-02,-2.756210975348949432e-02,1.675603166222572327e-02,-2.317809121450409293e-04,1.636932417750358582e-02,-4.912333562970161438e-02,-9.719979017972946167e-02,5.114789009094238281e-01,1.900717914104461670e-01,5.114789009094238281e-01,-9.719979017972946167e-02,-4.912333562970161438e-02,1.636932417750358582e-02,-2.317809121450409293e-04,1.675603166222572327e-02,-2.756210975348949432e-02,2.580489963293075562e-02
9.006461128592491150e-03,4.692129325121641159e-03,-2.884481474757194519e-02,3.959200158715248108e-02,-5.723981186747550964e-02,1.435286998748779297e-01,-2.891722619533538818e-01,-8.589883148670196533e-02,3.542884886264801025e-01,-8.589883148670196533e-02,-2.891722619533538818e-01,1.435286998748779297e-01,-5.723981186747550964e-02,3.959200158715248108e-02,-2.884481474757194519e-02,4.692129325121641159e-03,9.006461128592491150e-03
-1.262240409851074219e+00
-1.203121058642864227e-02,-6.177602708339691162e-02,2.161823213100433350e-02,3.031183965504169464e-02,1.027462352067232132e-02,-6.533793359994888306e-02,-1.250594705343246460e-01,5.014951229095458984e-01,1.968766152858734131e-01,5.014951229095458984e-01,-1.250594705343246460e-01,-6.533793359994888306e-02,1.027462352067232132e-02,3.031183965504169464e-02,2.161823213100433350e-02,-6.177602708339691162e-02,-1.203121058642864227e-02
3.445564582943916321e-02,-2.228068187832832336e-02,-5.748141184449195862e-02,4.410792887210845947e-02,-3.640035539865493774e-02,1.640171110630035400e-01,-2.685963809490203857e-01,-1.046006381511688232e-01,3.486493229866027832e-01,-1.046006381511688232e-01,-2.685963809490203857e-01,1.640171110630035400e-01,-3.640035539865493774e-02,4.410792887210845947e-02,-5.748141184449195862e-02,-2.228068187832832336e-02,3.445564582943916321e-02
-1.299711704254150391e+00
3.281654324382543564e-03,3.063202090561389923e-02,-1.258826069533824921e-02,1.935972645878791809e-02,-4.566751047968864441e-02,4.978854209184646606e-02,-8.189219236373901367e-02,2.443609237670898438e-01,6.536191701889038086e-01,2.443609237670898438e-01,-8.189219236373901367e-02,4.978854209184646606e-02,-4.566751047968864441e-02,1.935972645878791809e-02,-1.258826069533824921e-02,3.063202090561389923e-02,3.281654324382543564e-03
-6.219772994518280029e-02,5.135977640748023987e-02,3.326671570539474487e-02,-2.918516658246517181e-02,-2.608093433082103729e-02,2.902597561478614807e-02,-4.902685526758432388e-03,-2.993779778480529785e-01,4.652822017669677734e-01,-2.993779778480529785e-01,-4.902685526758432388e-03,2.902597561478614807e-02,-2.608093433082103729e-02,-2.918516658246517181e-02,3.326671570539474487e-02,5.135977640748023987e-02,-6.219772994518280029e-02
-0.000000000000000000e+00
