1.105121821165084839e-01,1.315876096487045288e-01,1.086727604269981384e-01,9.680451452732086182e-02,7.064401358366012573e-02,7.378580421209335327e-02,7.064401358366012573e-02,9.680451452732086182e-02,1.086727604269981384e-01,1.315876096487045288e-01,1.105121821165084839e-01
-3.432686626911163330e-01,-1.550626158714294434e-01,3.945230692625045776e-02,1.413848698139190674e-01,2.327343672513961792e-01,2.352115809917449951e-01,2.327343672513961792e-01,1.413848698139190674e-01,3.945230692625045776e-02,-1.550626158714294434e-01,-3.432686626911163330e-01
-8.530909419059753418e-01
1.454623043537139893e-01,1.228864043951034546e-01,8.617014437913894653e-02,7.286205142736434937e-02,5.043195188045501709e-02,5.431155487895011902e-02,5.043195188045501709e-02,7.286205142736434937e-02,8.617014437913894653e-02,1.228864043951034546e-01,1.454623043537139893e-01
-7.913941890001296997e-02,-6.621178705245256424e-03,6.188768893480300903e-02,9.741473197937011719e-02,1.297405362129211426e-01,1.307692378759384155e-01,1.297405362129211426e-01,9.741473197937011719e-02,6.188768893480300903e-02,-6.621178705245256424e-03,-7.913941890001296997e-02
-1.046096563339233398e+00
1.450419872999191284e-01,1.224516853690147400e-01,8.570911735296249390e-02,7.237640768289566040e-02,4.993463680148124695e-02,5.381195619702339172e-02,4.993463680148124695e-02,7.237640768289566040e-02,8.570911735296249390e-02,1.224516853690147400e-01,1.450419872999191284e-01
-7.968363910913467407e-02,-7.120064459741115570e-03,6.138789653778076172e-02,9.692548215389251709e-02,1.292865127325057983e-01,1.303361505270004272e-01,1.292865127325057983e-01,9.692548215389251709e-02,6.138789653778076172e-02,-7.120064459741115570e-03,-7.968363910913467407e-02
-1.082090377807617188e+00
1.445789188146591187e-01,1.219472810626029968e-01,8.517518639564514160e-02,7.182377576828002930e-02,4.937236383557319641e-02,5.324688553810119629e-02,4.937236383557319641e-02,7.182377576828002930e-02,8.517518639564514160e-02,1.219472810626029968e-01,1.445789188146591187e-01
-8.041269332170486450e-02,-7.739114575088024139e-03,6.085978448390960693e-02,9.647052735090255737e-02,1.288814246654510498e-01,1.299490481615066528e-01,1.288814246654510498e-01,9.647052735090255737e-02,6.085978448390960693e-02,-7.739114575088024139e-03,-8.041269332170486450e-02
-1.098736405372619629e+00
1.441409587860107422e-01,1.214534416794776917e-01,8.463677018880844116e-02,7.125260680913925171e-02,4.878100007772445679e-02,5.264877900481224060e-02,4.878100007772445679e-02,7.125260680913925171e-02,8.463677018880844116e-02,1.214534416794776917e-01,1.441409587860107422e-01
-8.120044320821762085e-02,-8.382293395698070526e-03,6.032366678118705750e-02,9.600625187158584595e-02,1.284578293561935425e-01,1.295385211706161499e-01,1.284578293561935425e-01,9.600625187158584595e-02,6.032366678118705750e-02,-8.382293395698070526e-03,-8.120044320821762085e-02
-1.108402013778686523e+00
1.436942517757415771e-01,1.209507063031196594e-01,8.409105241298675537e-02,7.067649811506271362e-02,4.818709194660186768e-02,5.204891785979270935e-02,4.818709194660186768e-02,7.067649811506271362e-02,8.409105241298675537e-02,1.209507063031196594e-01,1.436942517757415771e-01
-8.202695101499557495e-02,-9.042590856552124023e-03,5.979430302977561951e-02,9.557005017995834351e-02,1.280771046876907349e-01,1.291761249303817749e-01,1.280771046876907349e-01,9.557005017995834351e-02,5.979430302977561951e-02,-9.042590856552124023e-03,-8.202695101499557495e-02
-1.117350578308105469e+00
1.432476341724395752e-01,1.204488500952720642e-01,8.354576677083969116e-02,7.010026276111602783e-02,4.759216681122779846e-02,5.144775658845901489e-02,4.759216681122779846e-02,7.010026276111602783e-02,8.354576677083969116e-02,1.204488500952720642e-01,1.432476341724395752e-01
-8.287061750888824463e-02,-9.707680903375148773e-03,5.927141383290290833e-02,9.514936804771423340e-02,1.277175992727279663e-01,1.288370490074157715e-01,1.277175992727279663e-01,9.514936804771423340e-02,5.927141383290290833e-02,-9.707680903375148773e-03,-8.287061750888824463e-02
-1.126790046691894531e+00
1.427986919879913330e-01,1.199460253119468689e-01,8.300139009952545166e-02,6.952629983425140381e-02,4.700034111738204956e-02,5.085005238652229309e-02,4.700034111738204956e-02,6.952629983425140381e-02,8.300139009952545166e-02,1.199460253119468689e-01,1.427986919879913330e-01
-8.371753245592117310e-02,-1.037037558853626251e-02,5.875637009739875793e-02,9.474087506532669067e-02,1.273731142282485962e-01,1.285137981176376343e-01,1.273731142282485962e-01,9.474087506532669067e-02,5.875637009739875793e-02,-1.037037558853626251e-02,-8.371753245592117310e-02
-1.134298205375671387e+00
1.423511803150177002e-01,1.194455996155738831e-01,8.245981484651565552e-02,6.895548105239868164e-02,4.641224443912506104e-02,5.025618523359298706e-02,4.641224443912506104e-02,6.895548105239868164e-02,8.245981484651565552e-02,1.194455996155738831e-01,1.423511803150177002e-01
-8.456253260374069214e-02,-1.102840993553400040e-02,5.824876949191093445e-02,9.434209764003753662e-02,1.270394921302795410e-01,1.282021552324295044e-01,1.270394921302795410e-01,9.434209764003753662e-02,5.824876949191093445e-02,-1.102840993553400040e-02,-8.456253260374069214e-02
-1.139361619949340820e+00
1.419072449207305908e-01,1.189496070146560669e-01,8.192357420921325684e-02,6.839067488908767700e-02,4.583027958869934082e-02,4.966860637068748474e-02,4.583027958869934082e-02,6.839067488908767700e-02,8.192357420921325684e-02,1.189496070146560669e-01,1.419072449207305908e-01
-8.540194481611251831e-02,-1.167887635529041290e-02,5.775027722120285034e-02,9.395358711481094360e-02,1.267174333333969116e-01,1.279018670320510864e-01,1.267174333333969116e-01,9.395358711481094360e-02,5.775027722120285034e-02,-1.167887635529041290e-02,-8.540194481611251831e-02
-1.142020702362060547e+00
1.414693892002105713e-01,1.184605434536933899e-01,8.139508217573165894e-02,6.783419847488403320e-02,4.525705054402351379e-02,4.908981546759605408e-02,4.525705054402351379e-02,6.783419847488403320e-02,8.139508217573165894e-02,1.184605434536933899e-01,1.414693892002105713e-01
-8.623191714286804199e-02,-1.231903675943613052e-02,5.726298689842224121e-02,9.357691556215286255e-02,1.264072805643081665e-01,1.276140362024307251e-01,1.264072805643081665e-01,9.357691556215286255e-02,5.726298689842224121e-02,-1.231903675943613052e-02,-8.623191714286804199e-02
-1.142662644386291504e+00
1.410394906997680664e-01,1.179810315370559692e-01,8.087689429521560669e-02,6.728850305080413818e-02,4.469498991966247559e-02,4.852232709527015686e-02,4.469498991966247559e-02,6.728850305080413818e-02,8.087689429521560669e-02,1.179810315370559692e-01,1.410394906997680664e-01
-8.704940974712371826e-02,-1.294652093201875687e-02,5.678856745362281799e-02,9.321344643831253052e-02,1.261106282472610474e-01,1.273396164178848267e-01,1.261106282472610474e-01,9.321344643831253052e-02,5.678856745362281799e-02,-1.294652093201875687e-02,-8.704940974712371826e-02
-1.141749382019042969e+00
1.406201422214508057e-01,1.175127401947975159e-01,8.037091791629791260e-02,6.675568968057632446e-02,4.414625093340873718e-02,4.796821624040603638e-02,4.414625093340873718e-02,6.675568968057632446e-02,8.037091791629791260e-02,1.175127401947975159e-01,1.406201422214508057e-01
-8.785136044025421143e-02,-1.355896797031164169e-02,5.632897466421127319e-02,9.286453574895858765e-02,1.258284747600555420e-01,1.270796656608581543e-01,1.258284747600555420e-01,9.286453574895858765e-02,5.632897466421127319e-02,-1.355896797031164169e-02,-8.785136044025421143e-02
-1.139740586280822754e+00
1.402122527360916138e-01,1.170574724674224854e-01,7.987891882658004761e-02,6.623771786689758301e-02,4.361283406615257263e-02,4.742963984608650208e-02,4.361283406615257263e-02,6.623771786689758301e-02,7.987891882658004761e-02,1.170574724674224854e-01,1.402122527360916138e-01
-8.863582462072372437e-02,-1.415473688393831253e-02,5.588538199663162231e-02,9.253126382827758789e-02,1.255615353584289551e-01,1.268347948789596558e-01,1.255615353584289551e-01,9.253126382827758789e-02,5.588538199663162231e-02,-1.415473688393831253e-02,-8.863582462072372437e-02
-1.137031435966491699e+00
1.398173570632934570e-01,1.166165620088577271e-01,7.940238714218139648e-02,6.573610007762908936e-02,4.309601709246635437e-02,4.690776765346527100e-02,4.309601709246635437e-02,6.573610007762908936e-02,7.940238714218139648e-02,1.166165620088577271e-01,1.398173570632934570e-01
-8.940074592828750610e-02,-1.473242510110139847e-02,5.545871704816818237e-02,9.221422672271728516e-02,1.253105103969573975e-01,1.266057044267654419e-01,1.253105103969573975e-01,9.221422672271728516e-02,5.545871704816818237e-02,-1.473242510110139847e-02,-8.940074592828750610e-02
-1.133930325508117676e+00
1.394361406564712524e-01,1.161907911300659180e-01,7.894229143857955933e-02,6.525135785341262817e-02,4.259686544537544250e-02,4.640379175543785095e-02,4.259686544537544250e-02,6.525135785341262817e-02,7.894229143857955933e-02,1.161907911300659180e-01,1.394361406564712524e-01
-9.014507383108139038e-02,-1.529113668948411942e-02,5.504982173442840576e-02,9.191384911537170410e-02,1.250754594802856445e-01,1.263925731182098389e-01,1.250754594802856445e-01,9.191384911537170410e-02,5.504982173442840576e-02,-1.529113668948411942e-02,-9.014507383108139038e-02
-1.130642890930175781e+00
1.390689909458160400e-01,1.157807260751724243e-01,7.849888503551483154e-02,6.478446722030639648e-02,4.211573675274848938e-02,4.591806977987289429e-02,4.211573675274848938e-02,6.478446722030639648e-02,7.849888503551483154e-02,1.157807260751724243e-01,1.390689909458160400e-01
-9.086812287569046021e-02,-1.583058945834636688e-02,5.465873330831527710e-02,9.163022041320800781e-02,1.248565092682838440e-01,1.261952072381973267e-01,1.248565092682838440e-01,9.163022041320800781e-02,5.465873330831527710e-02,-1.583058945834636688e-02,-9.086812287569046021e-02
-1.127276778221130371e+00
1.387162059545516968e-01,1.153861805796623230e-01,7.807217538356781006e-02,6.433508545160293579e-02,4.165292903780937195e-02,4.545065388083457947e-02,4.165292903780937195e-02,6.433508545160293579e-02,7.807217538356781006e-02,1.153861805796623230e-01,1.387162059545516968e-01
-9.156962484121322632e-02,-1.635059900581836700e-02,5.428528413176536560e-02,9.136301279067993164e-02,1.246534436941146851e-01,1.260133832693099976e-01,1.246534436941146851e-01,9.136301279067993164e-02,5.428528413176536560e-02,-1.635059900581836700e-02,-9.156962484121322632e-02
-1.123860836029052734e+00
1.383770406246185303e-01,1.150072589516639709e-01,7.766228169202804565e-02,6.390335410833358765e-02,4.120818898081779480e-02,4.500160738825798035e-02,4.120818898081779480e-02,6.390335410833358765e-02,7.766228169202804565e-02,1.150072589516639709e-01,1.383770406246185303e-01
-9.224967658519744873e-02,-1.685147173702716827e-02,5.392911657691001892e-02,9.111175686120986938e-02,1.244654431939125061e-01,1.258464604616165161e-01,1.244654431939125061e-01,9.111175686120986938e-02,5.392911657691001892e-02,-1.685147173702716827e-02,-9.224967658519744873e-02
-1.120357632637023926e+00
1.380513459444046021e-01,1.146430373191833496e-01,7.726867496967315674e-02,6.348871439695358276e-02,4.078095778822898865e-02,4.457030817866325378e-02,4.078095778822898865e-02,6.348871439695358276e-02,7.726867496967315674e-02,1.146430373191833496e-01,1.380513459444046021e-01
-9.290836751461029053e-02,-1.733363978564739227e-02,5.358970537781715393e-02,9.087592363357543945e-02,1.242919117212295532e-01,1.256937533617019653e-01,1.242919117212295532e-01,9.087592363357543945e-02,5.358970537781715393e-02,-1.733363978564739227e-02,-9.290836751461029053e-02
-1.116683125495910645e+00
1.377384364604949951e-01,1.142933145165443420e-01,7.689062505960464478e-02,6.309045106172561646e-02,4.037072509527206421e-02,4.415601864457130432e-02,4.037072509527206421e-02,6.309045106172561646e-02,7.689062505960464478e-02,1.142933145165443420e-01,1.377384364604949951e-01
-9.354644268751144409e-02,-1.779765821993350983e-02,5.326624959707260132e-02,9.065454453229904175e-02,1.241320148110389709e-01,1.255543231964111328e-01,1.241320148110389709e-01,9.065454453229904175e-02,5.326624959707260132e-02,-1.779765821993350983e-02,-9.354644268751144409e-02
-1.112729191780090332e+00
1.374378502368927002e-01,1.139575317502021790e-01,7.652746886014938354e-02,6.270810216665267944e-02,3.997685760259628296e-02,4.375835880637168884e-02,3.997685760259628296e-02,6.270810216665267944e-02,7.652746886014938354e-02,1.139575317502021790e-01,1.374378502368927002e-01
-9.416374564170837402e-02,-1.824401877820491791e-02,5.295816063880920410e-02,9.044683724641799927e-02,1.239846572279930115e-01,1.254272311925888062e-01,1.239846572279930115e-01,9.044683724641799927e-02,5.295816063880920410e-02,-1.824401877820491791e-02,-9.416374564170837402e-02
-1.108375906944274902e+00
1.371489018201828003e-01,1.136348024010658264e-01,7.617869973182678223e-02,6.234084069728851318e-02,3.959869220852851868e-02,4.337653517723083496e-02,3.959869220852851868e-02,6.234084069728851318e-02,7.617869973182678223e-02,1.136348024010658264e-01,1.371489018201828003e-01
-9.476078301668167114e-02,-1.867323555052280426e-02,5.266464501619338989e-02,9.025178104639053345e-02,1.238490045070648193e-01,1.253113299608230591e-01,1.238490045070648193e-01,9.025178104639053345e-02,5.266464501619338989e-02,-1.867323555052280426e-02,-9.476078301668167114e-02
-1.103506326675415039e+00
1.368712633848190308e-01,1.133249029517173767e-01,7.584392279386520386e-02,6.198847666382789612e-02,3.923576325178146362e-02,4.301011189818382263e-02,3.923576325178146362e-02,6.198847666382789612e-02,7.584392279386520386e-02,1.133249029517173767e-01,1.368712633848190308e-01
-9.533739835023880005e-02,-1.908567920327186584e-02,5.238516256213188171e-02,9.006873518228530884e-02,1.237241327762603760e-01,1.252057999372482300e-01,1.237241327762603760e-01,9.006873518228530884e-02,5.238516256213188171e-02,-1.908567920327186584e-02,-9.533739835023880005e-02
-1.098011493682861328e+00
1.366045773029327393e-01,1.130274087190628052e-01,7.552271336317062378e-02,6.165042892098426819e-02,3.888770565390586853e-02,4.265867173671722412e-02,3.888770565390586853e-02,6.165042892098426819e-02,7.552271336317062378e-02,1.130274087190628052e-01,1.366045773029327393e-01
-9.589356929063796997e-02,-1.948154345154762268e-02,5.211899057030677795e-02,8.989686518907546997e-02,1.236089617013931274e-01,1.251094788312911987e-01,1.236089617013931274e-01,8.989686518907546997e-02,5.211899057030677795e-02,-1.948154345154762268e-02,-9.589356929063796997e-02
-1.091795682907104492e+00
1.363485306501388550e-01,1.127420887351036072e-01,7.521479576826095581e-02,6.132653355598449707e-02,3.855433687567710876e-02,4.232220724225044250e-02,3.855433687567710876e-02,6.132653355598449707e-02,7.521479576826095581e-02,1.127420887351036072e-01,1.363485306501388550e-01
-9.642896801233291626e-02,-1.986103877425193787e-02,5.186579003930091858e-02,8.973533660173416138e-02,1.235026717185974121e-01,1.250218600034713745e-01,1.235026717185974121e-01,8.973533660173416138e-02,5.186579003930091858e-02,-1.986103877425193787e-02,-9.642896801233291626e-02
-1.084783911705017090e+00
1.361031979322433472e-01,1.124687343835830688e-01,7.491997629404067993e-02,6.101648136973381042e-02,3.823523223400115967e-02,4.200018569827079773e-02,3.823523223400115967e-02,6.101648136973381042e-02,7.491997629404067993e-02,1.124687343835830688e-01,1.361031979322433472e-01
-9.694332629442214966e-02,-2.022416517138481140e-02,5.162519589066505432e-02,8.958369493484497070e-02,1.234047189354896545e-01,1.249416470527648926e-01,1.234047189354896545e-01,8.958369493484497070e-02,5.162519589066505432e-02,-2.022416517138481140e-02,-9.694332629442214966e-02
-1.076919794082641602e+00
1.358683854341506958e-01,1.122074723243713379e-01,7.463837414979934692e-02,6.072046235203742981e-02,3.793049231171607971e-02,4.169253632426261902e-02,3.793049231171607971e-02,6.072046235203742981e-02,7.463837414979934692e-02,1.122074723243713379e-01,1.358683854341506958e-01
-9.743618220090866089e-02,-2.057079970836639404e-02,5.139683932065963745e-02,8.944142609834671021e-02,1.233141496777534485e-01,1.248683258891105652e-01,1.233141496777534485e-01,8.944142609834671021e-02,5.139683932065963745e-02,-2.057079970836639404e-02,-9.743618220090866089e-02
-1.068163037300109863e+00
1.356441527605056763e-01,1.119582727551460266e-01,7.436973601579666138e-02,6.043812632560729980e-02,3.764003887772560120e-02,4.139937460422515869e-02,3.764003887772560120e-02,6.043812632560729980e-02,7.436973601579666138e-02,1.119582727551460266e-01,1.356441527605056763e-01
-9.790705144405364990e-02,-2.090105600655078888e-02,5.118053406476974487e-02,8.930785208940505981e-02,1.232304871082305908e-01,1.248013228178024292e-01,1.232304871082305908e-01,8.930785208940505981e-02,5.118053406476974487e-02,-2.090105600655078888e-02,-9.790705144405364990e-02
-1.058496117591857910e+00
1.354305893182754517e-01,1.117209121584892273e-01,7.411417365074157715e-02,6.016966328024864197e-02,3.736396878957748413e-02,4.112075641751289368e-02,3.736396878957748413e-02,6.016966328024864197e-02,7.411417365074157715e-02,1.117209121584892273e-01,1.354305893182754517e-01
-9.835559129714965820e-02,-2.121482789516448975e-02,5.097607150673866272e-02,8.918266743421554565e-02,1.231532022356987000e-01,1.247399523854255676e-01,1.231532022356987000e-01,8.918266743421554565e-02,5.097607150673866272e-02,-2.121482789516448975e-02,-9.835559129714965820e-02
-1.047912359237670898e+00
1.352275907993316650e-01,1.114956960082054138e-01,7.387176901102066040e-02,5.991509556770324707e-02,3.710215911269187927e-02,4.085648804903030396e-02,3.710215911269187927e-02,5.991509556770324707e-02,7.387176901102066040e-02,1.114956960082054138e-01,1.352275907993316650e-01
-9.878165274858474731e-02,-2.151211164891719818e-02,5.078316107392311096e-02,8.906551450490951538e-02,1.230816766619682312e-01,1.246837824583053589e-01,1.230816766619682312e-01,8.906551450490951538e-02,5.078316107392311096e-02,-2.151211164891719818e-02,-9.878165274858474731e-02
-1.036426544189453125e+00
1.350353360176086426e-01,1.112823560833930969e-01,7.364225387573242188e-02,5.967413634061813354e-02,3.685441985726356506e-02,4.060652852058410645e-02,3.685441985726356506e-02,5.967413634061813354e-02,7.364225387573242188e-02,1.112823560833930969e-01,1.350353360176086426e-01
-9.918512403964996338e-02,-2.179308980703353882e-02,5.060154199600219727e-02,8.895607292652130127e-02,1.230157688260078430e-01,1.246322467923164368e-01,1.230157688260078430e-01,8.895607292652130127e-02,5.060154199600219727e-02,-2.179308980703353882e-02,-9.918512403964996338e-02
-1.024060130119323730e+00
1.348536014556884766e-01,1.110810637474060059e-01,7.342582195997238159e-02,5.944695323705673218e-02,3.662084043025970459e-02,4.037081450223922729e-02,3.662084043025970459e-02,5.944695323705673218e-02,7.342582195997238159e-02,1.110810637474060059e-01,1.348536014556884766e-01
-9.956603497266769409e-02,-2.205774001777172089e-02,5.043105036020278931e-02,8.885404467582702637e-02,1.229547858238220215e-01,1.245849728584289551e-01,1.229547858238220215e-01,8.885404467582702637e-02,5.043105036020278931e-02,-2.205774001777172089e-02,-9.956603497266769409e-02
-1.010849595069885254e+00
1.346826702356338501e-01,1.108915507793426514e-01,7.322201132774353027e-02,5.923328176140785217e-02,3.640107437968254089e-02,4.014913737773895264e-02,3.640107437968254089e-02,5.923328176140785217e-02,7.322201132774353027e-02,1.108915507793426514e-01,1.346826702356338501e-01
-9.992448985576629639e-02,-2.230639196932315826e-02,5.027136206626892090e-02,8.875889331102371216e-02,1.228986978530883789e-01,1.245418637990951538e-01,1.228986978530883789e-01,8.875889331102371216e-02,5.027136206626892090e-02,-2.230639196932315826e-02,-9.992448985576629639e-02
-9.968417882919311523e-01
1.345217823982238770e-01,1.107137948274612427e-01,7.303101569414138794e-02,5.903267487883567810e-02,3.619502112269401550e-02,3.994113206863403320e-02,3.619502112269401550e-02,5.903267487883567810e-02,7.303101569414138794e-02,1.107137948274612427e-01,1.345217823982238770e-01
-1.002609580755233765e-01,-2.253947965800762177e-02,5.012207850813865662e-02,8.867052942514419556e-02,1.228470057249069214e-01,1.245023235678672791e-01,1.228470057249069214e-01,8.867052942514419556e-02,5.012207850813865662e-02,-2.253947965800762177e-02,-1.002609580755233765e-01
-9.820891022682189941e-01
1.343713402748107910e-01,1.105472147464752197e-01,7.285216450691223145e-02,5.884519591927528381e-02,3.600221499800682068e-02,3.974656760692596436e-02,3.600221499800682068e-02,5.884519591927528381e-02,7.285216450691223145e-02,1.105472147464752197e-01,1.343713402748107910e-01
-1.005758047103881836e-01,-2.275732718408107758e-02,4.998293146491050720e-02,8.858843892812728882e-02,1.227994710206985474e-01,1.244662031531333923e-01,1.227994710206985474e-01,8.858843892812728882e-02,4.998293146491050720e-02,-2.275732718408107758e-02,-1.005758047103881836e-01
-9.666534662246704102e-01
1.342307925224304199e-01,1.103917136788368225e-01,7.268505543470382690e-02,5.866995453834533691e-02,3.582216799259185791e-02,3.956501185894012451e-02,3.582216799259185791e-02,5.866995453834533691e-02,7.268505543470382690e-02,1.103917136788368225e-01,1.342307925224304199e-01
-1.008699610829353333e-01,-2.296050824224948883e-02,4.985343664884567261e-02,8.851258456707000732e-02,1.227556467056274414e-01,1.244332939386367798e-01,1.227556467056274414e-01,8.851258456707000732e-02,4.985343664884567261e-02,-2.296050824224948883e-02,-1.008699610829353333e-01
-9.506014585494995117e-01
1.340997666120529175e-01,1.102466732263565063e-01,7.252949476242065430e-02,5.850677192211151123e-02,3.565463423728942871e-02,3.939590603113174438e-02,3.565463423728942871e-02,5.850677192211151123e-02,7.252949476242065430e-02,1.102466732263565063e-01,1.340997666120529175e-01
-1.011440083384513855e-01,-2.314957231283187866e-02,4.973322898149490356e-02,8.844225108623504639e-02,1.227155104279518127e-01,1.244032531976699829e-01,1.227155104279518127e-01,8.844225108623504639e-02,4.973322898149490356e-02,-2.314957231283187866e-02,-1.011440083384513855e-01
-9.340033531188964844e-01
1.339778453111648560e-01,1.101120561361312866e-01,7.238492369651794434e-02,5.835517123341560364e-02,3.549879789352416992e-02,3.923871368169784546e-02,3.549879789352416992e-02,5.835517123341560364e-02,7.238492369651794434e-02,1.101120561361312866e-01,1.339778453111648560e-01
-1.013986915349960327e-01,-2.332516759634017944e-02,4.962177202105522156e-02,8.837746828794479370e-02,1.226787939667701721e-01,1.243757978081703186e-01,1.226787939667701721e-01,8.837746828794479370e-02,4.962177202105522156e-02,-2.332516759634017944e-02,-1.013986915349960327e-01
-9.169331192970275879e-01
1.338646113872528076e-01,1.099869981408119202e-01,7.225073128938674927e-02,5.821455642580986023e-02,3.535428643226623535e-02,3.909297659993171692e-02,3.535428643226623535e-02,5.821455642580986023e-02,7.225073128938674927e-02,1.099869981408119202e-01,1.338646113872528076e-01
-1.016352698206901550e-01,-2.348804287612438202e-02,4.951868206262588501e-02,8.831769227981567383e-02,1.226450800895690918e-01,1.243506744503974915e-01,1.226450800895690918e-01,8.831769227981567383e-02,4.951868206262588501e-02,-2.348804287612438202e-02,-1.016352698206901550e-01
-8.994652628898620605e-01
1.337598711252212524e-01,1.098711937665939331e-01,7.212657481431961060e-02,5.808433890342712402e-02,3.522053360939025879e-02,3.895807266235351562e-02,3.522053360939025879e-02,5.808433890342712402e-02,7.212657481431961060e-02,1.098711937665939331e-01,1.337598711252212524e-01
-1.018543094396591187e-01,-2.363868243992328644e-02,4.942344874143600464e-02,8.826253563165664673e-02,1.226142942905426025e-01,1.243280917406082153e-01,1.226142942905426025e-01,8.826253563165664673e-02,4.942344874143600464e-02,-2.363868243992328644e-02,-1.018543094396591187e-01
-8.816723227500915527e-01
1.336628496646881104e-01,1.097641438245773315e-01,7.201164215803146362e-02,5.796391144394874573e-02,3.509682416915893555e-02,3.883325308561325073e-02,3.509682416915893555e-02,5.796391144394874573e-02,7.201164215803146362e-02,1.097641438245773315e-01,1.336628496646881104e-01
-1.020570844411849976e-01,-2.377803623676300049e-02,4.933546856045722961e-02,8.821201324462890625e-02,1.225860491394996643e-01,1.243073269724845886e-01,1.225860491394996643e-01,8.821201324462890625e-02,4.933546856045722961e-02,-2.377803623676300049e-02,-1.020570844411849976e-01
-8.636261820793151855e-01
1.335732936859130859e-01,1.096650883555412292e-01,7.190546393394470215e-02,5.785271525382995605e-02,3.498261421918869019e-02,3.871798887848854065e-02,3.498261421918869019e-02,5.785271525382995605e-02,7.190546393394470215e-02,1.096650883555412292e-01,1.335732936859130859e-01
-1.022445634007453918e-01,-2.390673197805881500e-02,4.925437644124031067e-02,8.816542476415634155e-02,1.225604414939880371e-01,1.242885291576385498e-01,1.225604414939880371e-01,8.816542476415634155e-02,4.925437644124031067e-02,-2.390673197805881500e-02,-1.022445634007453918e-01
-8.453952670097351074e-01
1.334905326366424561e-01,1.095738857984542847e-01,7.180750370025634766e-02,5.775019899010658264e-02,3.487716615200042725e-02,3.861166164278984070e-02,3.487716615200042725e-02,5.775019899010658264e-02,7.180750370025634766e-02,1.095738857984542847e-01,1.334905326366424561e-01
-1.024175956845283508e-01,-2.402545884251594543e-02,4.917974397540092468e-02,8.812272548675537109e-02,1.225368976593017578e-01,1.242715120315551758e-01,1.225368976593017578e-01,8.812272548675537109e-02,4.917974397540092468e-02,-2.402545884251594543e-02,-1.024175956845283508e-01
-8.270429372787475586e-01
1.334143579006195068e-01,1.094896867871284485e-01,7.171735912561416626e-02,5.765572190284729004e-02,3.478013724088668823e-02,3.851375356316566467e-02,3.478013724088668823e-02,5.765572190284729004e-02,7.171735912561416626e-02,1.094896867871284485e-01,1.334143579006195068e-01
-1.025771498680114746e-01,-2.413480542600154877e-02,4.911099746823310852e-02,8.808354288339614868e-02,1.225154176354408264e-01,1.242559179663658142e-01,1.225154176354408264e-01,8.808354288339614868e-02,4.911099746823310852e-02,-2.413480542600154877e-02,-1.025771498680114746e-01
-8.086290955543518066e-01
1.333439350128173828e-01,1.094122678041458130e-01,7.163416594266891479e-02,5.756853520870208740e-02,3.469061851501464844e-02,3.842344135046005249e-02,3.469061851501464844e-02,5.756853520870208740e-02,7.163416594266891479e-02,1.094122678041458130e-01,1.333439350128173828e-01
-1.027244403958320618e-01,-2.423563413321971893e-02,4.904771596193313599e-02,8.804758638143539429e-02,1.224958896636962891e-01,1.242417395114898682e-01,1.224958896636962891e-01,8.804758638143539429e-02,4.904771596193313599e-02,-2.423563413321971893e-02,-1.027244403958320618e-01
-7.902054786682128906e-01
1.332795321941375732e-01,1.093408092856407166e-01,7.155767083168029785e-02,5.748833343386650085e-02,3.460825234651565552e-02,3.834049776196479797e-02,3.460825234651565552e-02,5.748833343386650085e-02,7.155767083168029785e-02,1.093408092856407166e-01,1.332795321941375732e-01
-1.028599217534065247e-01,-2.432841621339321136e-02,4.898967966437339783e-02,8.801460266113281250e-02,1.224780976772308350e-01,1.242290958762168884e-01,1.224780976772308350e-01,8.801460266113281250e-02,4.898967966437339783e-02,-2.432841621339321136e-02,-1.028599217534065247e-01
-7.718198299407958984e-01
1.332199424505233765e-01,1.092752516269683838e-01,7.148727774620056152e-02,5.741459503769874573e-02,3.453253582119941711e-02,3.826405480504035950e-02,3.453253582119941711e-02,5.741459503769874573e-02,7.148727774620056152e-02,1.092752516269683838e-01,1.332199424505233765e-01
-1.029847487807273865e-01,-2.441383339464664459e-02,4.893616586923599243e-02,8.798435330390930176e-02,1.224618405103683472e-01,1.242175027728080750e-01,1.224618405103683472e-01,8.798435330390930176e-02,4.893616586923599243e-02,-2.441383339464664459e-02,-1.029847487807273865e-01
-7.535126805305480957e-01
1.331652402877807617e-01,1.092147380113601685e-01,7.142252475023269653e-02,5.734673514962196350e-02,3.446286916732788086e-02,3.819375112652778625e-02,3.446286916732788086e-02,5.734673514962196350e-02,7.142252475023269653e-02,1.092147380113601685e-01,1.331652402877807617e-01
-1.030997708439826965e-01,-2.449242025613784790e-02,4.888710379600524902e-02,8.795665949583053589e-02,1.224469840526580811e-01,1.242069005966186523e-01,1.224469840526580811e-01,8.795665949583053589e-02,4.888710379600524902e-02,-2.449242025613784790e-02,-1.030997708439826965e-01
-7.353203296661376953e-01
1.331148445606231689e-01,1.091592907905578613e-01,7.136300951242446899e-02,5.728437379002571106e-02,3.439880907535552979e-02,3.812906891107559204e-02,3.439880907535552979e-02,5.728437379002571106e-02,7.136300951242446899e-02,1.091592907905578613e-01,1.331148445606231689e-01
-1.032055988907814026e-01,-2.456472255289554596e-02,4.884200543165206909e-02,8.793120831251144409e-02,1.224333494901657104e-01,1.241973638534545898e-01,1.224333494901657104e-01,8.793120831251144409e-02,4.884200543165206909e-02,-2.456472255289554596e-02,-1.032055988907814026e-01
-7.172710895538330078e-01
8.622597157955169678e-02,1.072641387581825256e-01,8.430693298578262329e-02,7.219646126031875610e-02,4.569252580404281616e-02,4.867092519998550415e-02,4.569252580404281616e-02,7.219646126031875610e-02,8.430693298578262329e-02,1.072641387581825256e-01,8.622597157955169678e-02
-3.676765561103820801e-01,-1.677676290273666382e-01,3.792231902480125427e-02,1.485000103712081909e-01,2.450804561376571655e-01,2.492817193269729614e-01,2.450804561376571655e-01,1.485000103712081909e-01,3.792231902480125427e-02,-1.677676290273666382e-01,-3.676765561103820801e-01
-6.829551458358764648e-01
